fecha,ingreso_efectivo,ingreso_tarjeta,ingreso_transferencia,gasto_operativo,gasto_extraordinario,saldo_diario,saldo_acumulado,es_festivo,es_finde,tiene_anomalia,tipo_anomalia,caja_neta,lag_1,lag_7,lag_14,lag_30,rolling_mean_7,rolling_mean_14,rolling_mean_30,rolling_std_7,rolling_std_30,dia_semana,mes,trimestre,es_cierre_mes,dia_del_mes,dia_del_año
2024-01-31,24676.838996894872,38262.93136595533,15952.2643660251,49086.190043945055,0.0,29805.844684930256,303878.6454934103,False,False,False,,29805.844684930256,18716.351121919557,14797.83593821148,27429.332023644907,16859.238411438644,8461.579175441377,9732.566839705729,9567.313569399053,15029.768367742052,12660.767819082317,2,1,1,True,31,31
2024-02-01,12298.402613055034,19722.120192736507,7799.345343987438,31998.00404894568,0.0,7821.8641008333,311700.5095942436,False,False,False,,7821.8641008333,29805.844684930256,9354.41787345634,7313.599996356115,5253.920945499038,8242.642922209514,9768.871418596957,9652.911674576862,15025.756586514097,12639.262361365794,3,2,1,False,1,32
2024-02-02,13715.999908998065,20946.51413483742,7541.431956257566,32099.898312207682,0.0,10104.047687885373,321804.55728212895,False,False,False,,10104.047687885373,7821.8641008333,12985.433327298,27980.357341563355,16442.472361116714,7831.016402293425,8491.992157619958,9441.630852135817,14913.220522491805,12574.665060257359,4,2,1,False,2,33
2024-02-03,8072.455713879619,12767.882239922761,4974.385726630695,42295.107926374025,0.0,-16480.38424594095,305324.173036188,False,True,False,,-16480.38424594095,10104.047687885373,-2920.0538552602884,-9021.491332777863,13684.765214875253,5893.826346481901,7959.214092394022,8436.12587010861,17241.49370329513,13402.469290511835,5,2,1,False,3,34
2024-02-04,10978.628179586512,18672.956514218222,5223.314447850146,36804.81394060785,0.0,-1929.9147989529665,303394.258237235,False,True,False,,-1929.9147989529665,-16480.38424594095,8199.771395477914,-3631.3148269015473,-3271.169357854269,4446.728318706061,8080.7426658189215,8480.83435540532,17439.655600347665,13364.251571015739,6,2,1,False,4,35
2024-02-05,16714.762192907263,26618.02442007738,10113.726047519085,28622.818414419908,0.0,24823.69424608382,328217.95248331886,True,False,False,,24823.69424608382,-1929.9147989529665,-16910.71031973214,9023.683638732917,-13937.588460701838,10408.786113822627,9209.31485205827,9772.877112298176,15995.349052652338,12990.60075967915,0,2,1,False,5,36
2024-02-06,12755.829574588284,20584.63828565321,8234.40671870152,24535.30113781353,0.0,17039.57344112948,345257.52592444833,False,False,False,,17039.57344112948,24823.69424608382,18716.351121919557,30562.210772606104,-5324.561479919732,10169.246445138331,8243.412185524228,10518.34827633315,15862.204540685274,12733.496337885485,1,2,1,False,6,37
2024-02-07,9685.305597464414,16783.5699004871,10172.395020501988,30513.38358328534,0.0,6127.886935168161,351385.4128596165,False,False,False,,6127.886935168161,17039.57344112948,29805.844684930256,14797.83593821148,12118.47126879236,6786.6810523151735,7624.130113878275,10318.66213187901,13293.491848419486,12754.492732623747,2,2,1,False,7,38
2024-02-08,12033.754888538057,19231.66848540331,8624.715826651447,40404.27086527624,35550.39339145401,-36064.525056137434,315320.8878034791,False,False,False,,-36064.525056137434,6127.886935168161,7821.8641008333,9354.41787345634,16569.797823158286,517.1968870336412,4379.919904621577,8564.184702569151,20897.81006173497,15242.423879467038,3,2,1,False,8,39
2024-02-09,15305.243074669124,26212.24770367213,11464.531106275304,30553.796869837657,0.0,22428.225014778895,337749.112818258,False,False,False,,22428.225014778895,-36064.525056137434,10104.047687885373,12985.433327298,8165.511195212246,2277.79364801843,5054.4050251559265,9039.608496554707,22311.42581321518,15450.571829185217,4,2,1,False,9,40
2024-02-10,10335.454817300353,18315.951754691567,9013.80847905231,24582.60453072797,0.0,13082.610520316259,350831.7233385743,False,True,False,,13082.610520316259,22428.225014778895,-16480.38424594095,-2920.0538552602884,19410.702763930363,6501.078614626603,6197.452480554252,8828.672088434238,20923.751294043188,15346.94889324997,5,2,1,False,10,41
2024-02-11,11611.740677337637,18363.56040775681,4828.2845864530955,18576.490885835192,0.0,16227.094785712354,367058.81812428666,False,True,False,,16227.094785712354,13082.610520316259,-1929.9147989529665,8199.771395477914,29393.569934832623,9094.937126721648,6770.832722713855,8389.78958346356,20829.61527907188,14920.917357635759,6,2,1,False,11,42
2024-02-12,13557.468007245747,20126.765218538032,6836.634079712041,19686.13877938079,0.0,20834.72852611503,387893.54665040167,False,False,False,,20834.72852611503,16227.094785712354,24823.69424608382,-16910.71031973214,2797.6679785548513,8525.08488101182,9466.935497417226,8991.0249350489,20377.246365135914,15050.649695921418,0,2,1,False,12,43
2024-02-13,16138.433331761182,25933.65021960013,7253.1065847432155,18909.0518811618,0.0,30416.138254942733,418309.6849053444,False,False,False,,30416.138254942733,20834.72852611503,17039.57344112948,18716.351121919557,5938.382289640769,10436.02271155657,10302.634578347452,9806.950133892298,21880.558094600547,15535.148654225164,1,2,1,False,13,44
2024-02-14,12714.37481769349,20887.541693488503,8070.312091156189,26008.698477034173,0.0,15663.530125304002,433973.2150306484,False,False,False,,15663.530125304002,30416.138254942733,6127.886935168161,29805.844684930256,8412.06779639471,11798.257453004548,9292.469252659861,10048.665544855941,21864.468705506613,15569.073577537778,2,2,1,False,14,45
2024-02-15,14447.806429819637,22123.497948489126,7609.900691659373,40044.770515291755,0.0,4136.43455467638,438109.6495853248,False,False,False,,4136.43455467638,15663.530125304002,-36064.525056137434,7821.8641008333,7680.129028915104,17541.25168312081,9029.224285077225,9930.54239571465,8219.01912398256,15601.073600903866,3,2,1,False,15,46
2024-02-16,15714.725562635696,26077.227581701092,10548.407543106836,34245.604589499686,0.0,18094.756097943937,456204.40568326873,False,False,False,,18094.756097943937,4136.43455467638,22428.225014778895,10104.047687885373,27429.332023644907,16922.184695001528,9599.989171509978,9619.389864857952,7948.32061302663,15330.78230625664,4,2,1,False,16,47
2024-02-17,8892.710555181136,14625.698073622201,5728.546366428131,42722.91631322359,0.0,-13475.961317992125,442728.4443652766,False,True,False,,-13475.961317992125,18094.756097943937,13082.610520316259,-16480.38424594095,7313.599996356115,13128.103003814616,9814.590809220608,8926.40448771301,14068.844796413086,15897.97798342933,5,2,1,False,17,48
2024-02-18,9745.937573058989,18724.997090502162,6569.936544075208,33159.62586583549,0.0,1881.2453418008663,444609.68970707746,False,True,False,,1881.2453418008663,-13475.961317992125,16227.094785712354,-1929.9147989529665,27980.357341563355,11078.695940398688,10086.816533560168,8056.434087720929,14577.84812342361,15529.172889153202,6,2,1,False,18,49
2024-02-19,15089.941688015226,22228.092802443134,11684.856365257401,23262.985493287488,0.0,25739.905362428275,470349.59506950574,False,False,False,,25739.905362428275,1881.2453418008663,20834.72852611503,24823.69424608382,-9021.491332777863,11779.43548844344,10152.260184727627,9215.147310894467,15228.348421947163,15507.809198153482,0,2,1,False,19,50
2024-02-20,14234.222223112934,21736.83398404156,11286.106692794134,26588.55140199245,0.0,20668.611497956186,491018.20656746195,False,False,False,,20668.611497956186,25739.905362428275,30416.138254942733,17039.57344112948,-3631.3148269015473,10386.931666016791,10411.47718878668,10025.14485505639,13598.60817519124,15448.17767340515,1,2,1,False,20,51
2024-02-21,14203.860044352205,25361.21456557675,12283.867847790141,34024.6614784551,0.0,17824.280979263996,508842.48754672596,False,False,False,,17824.280979263996,20668.611497956186,15663.530125304002,6127.886935168161,9023.683638732917,10695.610359439646,11246.933906222095,10318.49809974076,13761.889172460797,15511.932587499592,2,2,1,False,21,52
2024-02-22,10660.567078721257,17838.823243748357,7157.535380752176,34068.16100238546,0.0,1588.7647008363274,510431.2522475623,False,False,False,,1588.7647008363274,17824.280979263996,4136.43455467638,-36064.525056137434,30562.210772606104,10331.657523176782,13936.454603148793,9352.7165640151,13995.964778661659,15104.691950387334,3,2,1,False,22,53
2024-02-23,14186.36533488416,24426.447792673822,8927.763953802412,33741.98021413691,0.0,13798.596867223481,524229.8491147858,False,False,False,,13798.596867223481,1588.7647008363274,18094.756097943937,22428.225014778895,14797.83593821148,9717.920490216717,13320.052592609123,9319.408594982167,13689.652037382024,15093.368140155939,4,2,1,False,23,54
2024-02-24,10621.405776551499,16107.09988358234,4887.410695755687,32313.6413141247,0.0,-697.724958235176,523532.1241565506,False,True,False,,-697.724958235176,13798.596867223481,-13475.961317992125,13082.610520316259,9354.41787345634,11543.382827324853,12335.742915569732,8984.337167259118,10580.191909041476,15203.738929592604,5,2,1,False,24,55
2024-02-25,10411.916489278448,16125.187864184387,6216.691868084038,38823.08843377803,0.0,-6069.2922122311575,517462.8319443195,False,True,False,,-6069.2922122311575,-697.724958235176,1881.2453418008663,16227.094785712354,12985.433327298,10407.591748177421,10743.143844288055,8349.179649274813,12106.899111831619,15427.200430509984,6,2,1,False,25,56
2024-02-26,14643.65218323208,25381.55486292802,8749.75017780712,30518.99899822979,0.0,18255.958225737424,535718.7901700569,False,False,False,,18255.958225737424,-6069.2922122311575,25739.905362428275,20834.72852611503,-2920.0538552602884,9338.456442935869,10558.945965689652,9055.0467186414,10785.620829900978,15378.173144904875,0,2,1,False,26,57
2024-02-27,19626.748079577006,33503.522428401324,11224.840757040141,34673.36087718741,0.0,29681.75038783106,565400.5405578879,False,False,False,,29681.75038783106,18255.958225737424,20668.611497956186,30416.138254942733,8199.771395477914,10626.047712917994,10506.489689467391,9771.112685053173,12726.937679100387,15830.464914967055,1,2,1,True,27,58
2024-02-28,12230.615069695054,20474.087275949278,7944.202237409358,32970.483478726965,0.0,7678.421104326728,573078.9616622146,False,False,False,,7678.421104326728,29681.75038783106,17824.280979263996,15663.530125304002,-16910.71031973214,9176.639159355527,9936.124759397586,10590.750399188468,12342.461265263608,15017.013871647612,2,2,1,True,28,59
2024-02-29,16569.613925790945,29072.697963746727,10347.137346498279,44145.86180123378,0.0,11843.58743480216,584922.5490970168,False,False,False,,11843.58743480216,7678.421104326728,1588.7647008363274,4136.43455467638,18716.351121919557,10641.61383563636,10486.635679406569,10361.658276284556,11892.096949920468,14941.010652846502,3,2,1,True,29,60
2024-03-01,8583.53320225156,15586.668221824384,6666.832173624406,34944.49968953977,0.0,-4107.466091839418,580815.0830051774,False,False,False,,-4107.466091839418,11843.58743480216,13798.596867223481,18094.756097943937,29805.844684930256,8083.604841484518,8900.762665850616,9231.214583725565,12976.239606450283,14700.13167563638,4,3,1,False,1,61
2024-03-02,8217.146134935309,13523.844492875663,5928.127976433385,34936.880022707934,0.0,-7267.761418463579,573547.3215867139,False,True,False,,-7267.761418463579,-4107.466091839418,-697.724958235176,-13475.961317992125,7821.8641008333,7145.028204309033,9344.20551581694,8728.227066415671,13920.506313904438,15005.013316486858,5,3,1,False,2,62
2024-03-03,41046.77381683947,16639.71813511656,6506.411481551115,33161.217025207414,0.0,31031.686408299734,604579.0079950136,False,True,True,madrugada,31031.686408299734,-7267.761418463579,-6069.2922122311575,1881.2453418008663,10104.047687885373,12445.168007242017,11426.379877709716,9425.815023762816,15066.501356660767,15547.829277133758,6,3,1,False,3,63
2024-03-04,14888.399961931325,27190.213165734916,12062.265537869662,36343.74050083556,0.0,17797.138164700336,622376.146159714,False,False,False,,17797.138164700336,31031.686408299734,18255.958225737424,25739.905362428275,-16480.38424594095,12379.622284236717,10859.039363586295,10568.399104117527,15037.979732951146,14820.882053889749,0,3,1,False,4,64
2024-03-05,14332.52320157154,23101.486633884255,8766.487368863312,34512.760789453314,0.0,11687.736414865794,634063.8825745798,False,False,False,,11687.736414865794,17797.138164700336,29681.75038783106,20668.611497956186,-1929.9147989529665,9809.048859527395,10217.548286222695,11022.320811244817,12985.281037339866,14632.228857622682,1,3,1,False,5,65
2024-03-06,15837.250048765394,27240.04781384495,8371.528464160438,38163.66252801874,0.0,13285.163798752037,647349.0463733318,False,False,False,,13285.163798752037,11687.736414865794,7678.421104326728,17824.280979263996,24823.69424608382,10610.012101588154,9893.325630471838,10637.703129667092,13004.859010806511,14406.854386119054,2,3,1,False,6,66
2024-03-07,10060.34928366724,17168.476564348763,10840.222015424079,38137.06554240575,0.0,-68.01767896566889,647281.0286943661,False,False,False,,-68.01767896566889,13285.163798752037,11843.58743480216,1588.7647008363274,17039.57344112948,8908.35422819275,9774.984031914555,10067.450092330586,13582.999684721044,14483.092407131939,3,3,1,False,7,67
2024-03-08,13217.87508798847,20951.90545667388,10253.137051415937,25482.319629182857,0.0,18940.59796689543,666221.6266612615,False,False,False,,18940.59796689543,-68.01767896566889,-4107.466091839418,13798.596867223481,6127.886935168161,12200.934808012014,10142.269824748264,10494.540460054828,12664.477948958576,14551.667062219341,4,3,1,False,8,68
2024-03-09,11973.887754270712,17825.623205637574,7628.943927432861,26697.575907081395,0.0,10730.878980259753,676952.5056415213,False,True,False,,10730.878980259753,18940.59796689543,-7267.761418463579,-697.724958235176,-36064.525056137434,14772.169150686776,10958.598677497901,12054.38726126807,9479.681951250801,11596.811433436902,5,3,1,False,9,69
2024-03-10,8912.992114381888,13673.578943946666,5163.811710155243,32356.501894686524,0.0,-4606.119126202728,672346.3865153185,False,True,False,,-4606.119126202728,10730.878980259753,31031.686408299734,-6069.2922122311575,22428.225014778895,9681.05407432928,11063.111040785647,11153.242456568683,8840.213095356152,11811.287897071585,6,3,1,False,10,70
2024-03-11,12137.199748005367,18740.97224567386,6989.428516036891,29927.095641158023,0.0,7940.504868558095,680286.8913838767,False,False,False,,7940.504868558095,-4606.119126202728,17797.138164700336,18255.958225737424,13082.610520316259,8272.963603451817,10326.292943844266,10981.838934843408,8084.716698647551,11819.631504997556,0,3,1,False,11,71
2024-03-12,10545.052528574608,16472.69863671033,8041.47280754646,31599.373848886255,0.0,3459.850123945147,683746.7415078218,False,False,False,,3459.850123945147,7940.504868558095,11687.736414865794,29681.75038783106,16227.094785712354,7097.551276177439,8453.300067852417,10556.264112784502,8103.600985813035,11854.056729382422,1,3,1,False,12,72
2024-03-13,10398.019894370365,17640.94695644591,8690.292038709133,20488.6903891084,0.0,16240.568500417008,699987.3100082389,False,False,False,,16240.568500417008,3459.850123945147,13285.163798752037,7678.421104326728,20834.72852611503,7519.7519478438635,9064.882024716007,10403.125445261236,8544.691675798396,11745.875445550966,2,3,1,False,13,73
2024-03-14,13198.846940642035,22894.66518498799,11328.740299424026,25747.888256021073,0.0,21674.36416903298,721661.6741772719,False,False,False,,21674.36416903298,16240.568500417008,-68.01767896566889,11843.58743480216,30416.138254942733,10625.806497557956,9767.080362875351,10111.732975730909,9249.47124767011,11333.46427696243,3,3,1,False,14,74
2024-03-15,14548.594375436072,26033.053844629914,6824.571965284449,226095.2979517004,0.0,-178689.07776634995,542972.596410922,False,False,True,benford_violation,-178689.07776634995,21674.36416903298,18940.59796689543,-4107.466091839418,15663.530125304002,-17607.004321477096,-2703.0347567325434,3633.312712675778,71536.31328405079,36237.15029098541,4,3,1,False,15,75
2024-03-16,11455.124895623318,19963.047733422944,5823.898748894456,25040.10266717508,0.0,12201.968710765635,555174.5651216876,False,True,False,,12201.968710765635,-178689.07776634995,10730.878980259753,-7267.761418463579,4136.43455467638,-17396.848645690545,-1312.3397475018849,3902.1638512120867,71635.52981935807,36270.91600200824,5,3,1,False,16,76
2024-03-17,9409.206176031597,14204.654995445399,5271.184854655982,21647.238397394394,0.0,7237.807628738581,562412.3727504262,False,True,False,,7237.807628738581,12201.968710765635,-4606.119126202728,31031.686408299734,18094.756097943937,-15704.859109270357,-3011.9025174705384,3540.2655689052413,72126.18401452174,36178.46988569966,6,3,1,False,17,77
2024-03-18,15790.787858495774,24163.28705409264,9085.700917688057,22435.100917398275,0.0,26604.674912878196,589017.0476633044,True,False,False,,26604.674912878196,7237.807628738581,7940.504868558095,17797.138164700336,-13475.961317992125,-13038.549102938912,-2382.792749743549,4876.2867766009185,73478.28192869671,36268.365257808946,0,3,1,False,18,78
2024-03-19,15570.831089220797,24978.64053218598,11814.90340666632,36287.84321133154,0.0,16076.531816741553,605093.5794800459,False,False,False,,16076.531816741553,26604.674912878196,3459.850123945147,11687.736414865794,1881.2453418008663,-11236.166003968,-2069.30736389528,5349.462992432276,74102.51700315802,36320.50507565399,1,3,1,False,19,79
2024-03-20,12513.335740332794,21006.153077505012,11964.383760274579,31305.060876847347,0.0,14178.811701265033,619272.391181311,False,False,False,,14178.811701265033,16076.531816741553,16240.568500417008,13285.163798752037,25739.905362428275,-11530.702689561138,-2005.475370858638,4964.093203726834,73979.09732591007,36157.665063233464,2,3,1,False,20,80
2024-03-21,14353.336750080463,24327.933476062102,10203.141492145822,40135.89633559358,0.0,8748.515382694808,628020.9065640058,False,False,False,,8748.515382694808,14178.811701265033,21674.36416903298,-68.01767896566889,20668.611497956186,-13377.252516180875,-1375.7230093114608,4566.756666551455,73169.0315224981,36044.45493179982,3,3,1,False,21,81
2024-03-22,11770.530927926447,18565.66558995573,8338.812020926476,32239.034198272893,0.0,6435.9743405357585,634456.8809045416,False,False,False,,6435.9743405357585,8748.515382694808,-178689.07776634995,18940.59796689543,17824.280979263996,13069.18349908851,-2268.9104111942943,4187.146445260513,6963.112201774982,35959.88575160843,4,3,1,False,22,82
2024-03-23,9214.445964420498,15514.298551512687,6405.522952998031,29157.373566264447,0.0,1976.8939026667686,636433.7748072083,False,True,False,,1976.8939026667686,6435.9743405357585,12201.968710765635,10730.878980259753,1588.7647008363274,11608.458526502958,-2894.1950595937938,4200.084085321529,8147.1916847678285,35958.98847966013,5,3,1,False,23,83
2024-03-24,9189.217384323647,14909.458910712752,7759.422144909265,28037.680739222254,0.0,3820.4177007234102,640254.1925079317,False,True,False,,3820.4177007234102,1976.8939026667686,7237.807628738581,-4606.119126202728,13798.596867223481,11120.259965357936,-2292.2995719562123,3867.478113104859,8545.398565682899,35913.26266345077,6,3,1,False,24,84
2024-03-25,13046.301333066805,20731.592008424817,8988.775034127897,24466.9906779044,0.0,18299.67769771512,658553.8702056468,False,False,False,,18299.67769771512,3820.4177007234102,26604.674912878196,7940.504868558095,-697.724958235176,9933.83179176321,-1552.358655587853,4500.724868303202,6325.433712524549,35997.37915798324,0,3,1,False,25,85
2024-03-26,16272.543233787048,28230.610423077378,11624.384272134856,29562.370901480386,0.0,26565.16702751889,685119.0372331657,False,False,False,,26565.16702751889,18299.67769771512,16076.531816741553,3459.850123945147,-6069.2922122311575,11432.208250445688,98.02112323884285,5588.540176294871,8786.536044359154,36159.67556091584,1,3,1,False,26,86
2024-03-27,12989.59331360303,22926.402841979998,9274.836857132654,28034.42305181495,0.0,17156.40996090073,702275.4471940665,False,False,False,,17156.40996090073,26565.16702751889,14178.811701265033,16240.568500417008,18255.958225737424,11857.579430393644,163.43837041625167,5551.888567466981,9010.876429568762,36146.94807289454,2,3,1,False,27,87
2024-03-28,15608.679752489286,25910.87757740719,9451.045921807852,20658.18428934762,0.0,30312.418962356707,732587.8661564232,False,False,False,,30312.418962356707,17156.40996090073,8748.515382694808,21674.36416903298,29681.75038783106,14938.137084631058,780.4422842250895,5572.910853284502,11192.715926321576,36161.64579449206,3,3,1,False,28,88
2024-03-29,18512.623065507378,30029.431360277416,14865.993443501842,27594.768510378923,0.0,35813.27935890772,768401.145515331,False,False,False,,35813.27935890772,30312.418962356707,6435.9743405357585,-178689.07776634995,7678.421104326728,19134.894944398482,16102.039221743495,6510.739461770535,12857.272240212085,36580.53713213733,4,3,1,True,29,89
2024-03-30,13046.301333066805,20731.592008424817,8988.775034127897,24466.9906779044,0.0,18299.67769771512,786700.8232130461,False,True,True,duplicado,18299.67769771512,35813.27935890772,1976.8939026667686,12201.968710765635,11843.58743480216,21466.72120083396,16537.589863668458,6725.942470534301,10488.846369860763,36631.94650451164,5,3,1,True,30,90
2024-03-31,12252.492785886405,19413.59070197205,8444.99198639679,47102.13220167596,0.0,-6991.056727420713,779709.7664856254,False,True,False,,-6991.056727420713,18299.67769771512,3820.4177007234102,7237.807628738581,-4107.466091839418,19922.224853956228,15521.242409657078,6629.822782681591,13795.229874008757,36665.12097755251,6,3,1,True,31,91
2024-04-01,13538.228570946754,25036.738342300956,10262.229519759781,25730.426957035485,0.0,23106.769475972014,802816.5359615975,False,False,False,,23106.769475972014,-6991.056727420713,18299.67769771512,26604.674912878196,-7267.761418463579,20608.95225085007,15271.392021306636,7642.307145829444,13820.622918983147,36687.49433685926,0,4,2,False,1,92
2024-04-02,13489.806837796481,23218.352210975714,9748.314789258613,36816.5874746621,117295.53567565627,-107655.64931228755,695160.8866493099,False,False,False,,-107655.64931228755,23106.769475972014,26565.16702751889,16076.531816741553,31031.686408299734,1434.5499165920066,6433.379083518844,3019.3959551432013,49981.30532636671,41992.861234697535,1,4,2,False,2,93
2024-04-03,14869.058014918619,21369.122240927052,8990.131544673823,32048.380852212984,0.0,13179.930948306508,708340.8175976163,False,False,False,,13179.930948306508,-107655.64931228755,17156.40996090073,14178.811701265033,17797.138164700336,866.4814862214023,6362.030458307521,2865.4890479300734,49795.0858902449,41945.266319612296,2,4,2,False,3,94
2024-04-04,9635.146874803178,17186.979847429244,7992.160885757094,29187.820019433857,0.0,5626.467588555664,713967.285186172,False,False,False,,5626.467588555664,13179.930948306508,30312.418962356707,8748.515382694808,11687.736414865794,-2660.082995750175,6139.027044440439,2663.446753719735,48211.065651342986,41915.89360041242,3,4,2,False,4,95
2024-04-05,9709.191060239407,19115.93241900487,8856.048005997678,23620.243606612632,0.0,14060.927878629322,728028.2130648013,False,False,False,,14060.927878629322,5626.467588555664,35813.27935890772,6435.9743405357585,13285.163798752037,-5767.561778647089,6683.666582875694,2689.305556382312,45966.72479543191,41922.91102520461,4,4,2,False,5,96
2024-04-06,6882.978799817085,13418.436589500621,5893.202044026871,22112.307009215445,0.0,4082.310424129133,732110.5234889304,False,True,False,,4082.310424129133,14060.927878629322,18299.67769771512,1976.8939026667686,-68.01767896566889,-7798.614246302231,6834.053477265862,2827.6498264854717,45030.63860311801,41920.34608183951,5,4,2,False,6,97
2024-04-07,7929.452160682571,13115.769857944459,5335.08988563428,25436.045757464864,0.0,944.2661467964426,733054.7896357268,False,True,False,,944.2661467964426,4082.310424129133,-6991.056727420713,3820.4177007234102,18940.59796689543,-6664.996692842636,6628.614080556794,2227.772099148839,45154.07081158699,41810.4390077866,6,4,2,False,7,98
2024-04-08,15603.426826988796,27542.342416744617,8758.670579752297,33960.400558257585,0.0,17944.039265228123,750998.8289009549,False,False,False,,17944.039265228123,944.2661467964426,23106.769475972014,18299.67769771512,10730.878980259753,-7402.529580091765,6603.21133537915,2468.2107753144514,44625.81385215568,41881.70343462296,0,4,2,False,8,99
2024-04-09,11250.923975373427,19661.39466120201,6887.136363815942,23248.045428365913,0.0,14551.409572025463,765550.2384729803,False,False,False,,14551.409572025463,17944.039265228123,-107655.64931228755,26565.16702751889,-4606.119126202728,10055.621689095811,5745.085802843906,3106.795065255391,6410.378042616154,41916.155739651185,1,4,2,False,9,100
2024-04-10,14348.752215017172,21896.631456775493,8002.131518318421,24735.011718065416,0.0,19512.503472045664,785062.741945026,False,False,False,,19512.503472045664,14551.409572025463,13179.930948306508,17156.40996090073,7940.504868558095,10960.274906772833,5913.378196497115,3492.52835203831,7308.672958607208,42015.30019366107,2,4,2,False,10,101
2024-04-11,15791.28050214082,32986.28498928352,15273.17032632996,35499.7017021834,0.0,28551.034115570903,813613.7760605969,False,False,False,,28551.034115570903,19512.503472045664,5626.467588555664,30312.418962356707,3459.850123945147,14235.212982060724,5787.564993155272,4328.901151759169,9366.687210094724,42263.63078221699,3,4,2,False,11,102
2024-04-12,14999.078812773367,26239.53145721304,7472.558974782359,30546.20401502554,0.0,18164.965229743226,831778.7412903402,False,False,False,,18164.965229743226,28551.034115570903,14060.927878629322,35813.27935890772,16240.568500417008,14821.504032219851,4526.9711267863795,4393.047709403375,9481.696339201153,42283.78898898714,4,4,2,False,12,103
2024-04-13,14903.29868362798,24261.187329556033,5829.488851888344,34399.656795571675,0.0,10594.318069500681,842373.0593598409,False,True,False,,10594.318069500681,18164.965229743226,4082.310424129133,18299.67769771512,21674.36416903298,15751.790838701501,3976.5882961996335,4023.712839418966,8523.459585442992,42175.889964571674,5,4,2,False,13,104
2024-04-14,8599.012039177152,14735.617405958074,7659.012932626796,29122.311289101992,7544.997551733186,-5673.666463073154,836699.3928967678,False,True,False,,-5673.666463073154,10594.318069500681,944.2661467964426,-6991.056727420713,-178689.07776634995,14806.371894434418,4070.6876007958886,9790.893216194858,10562.724506928576,24422.734860729208,6,4,2,False,14,105
2024-04-15,13915.677060493852,22913.417063992725,10761.510855247849,45140.9373441102,0.0,2449.667635624224,839149.060532392,False,False,False,,2449.667635624224,-5673.666463073154,17944.039265228123,23106.769475972014,12201.968710765635,12592.890233062431,2595.180326485332,9465.816513690144,11386.933814749846,24454.418842181083,0,4,2,False,15,106
2024-04-16,12125.795517372157,22541.46649526028,7888.025161876809,36069.23963568257,0.0,6486.047538826671,845635.1080712187,False,False,False,,6486.047538826671,2449.667635624224,14551.409572025463,-107655.64931228755,7237.807628738581,11440.695656891176,10748.158672993492,9440.757844026413,11562.42789894997,24457.16564329266,1,4,2,False,16,107
2024-04-17,13064.034476569967,22173.76399576495,11069.995973937983,19743.570582108394,0.0,26564.223864164513,872199.3319353833,False,False,False,,26564.223864164513,6486.047538826671,19512.503472045664,13179.930948306508,26604.674912878196,12448.084284336726,11704.179595554775,9439.40947573596,12639.894742540097,24456.187830382612,2,4,2,False,17,108
2024-04-18,17314.890902180567,27939.207941307268,13745.49249481912,29934.342354385353,0.0,29065.248983921603,901264.5809193049,False,False,False,,29065.248983921603,26564.223864164513,28551.034115570903,5626.467588555664,16076.531816741553,12521.543551243969,13378.378266652344,9872.36671464196,12750.091700020435,24691.57834717352,3,4,2,False,18,109
2024-04-19,12470.676170034507,18609.283734666504,6876.781357518128,21961.694731720592,0.0,15995.046530498548,917259.6274498034,False,False,False,,15995.046530498548,29065.248983921603,18164.965229743226,14060.927878629322,14178.811701265033,12211.555165637585,13516.529598928717,9932.907875616413,12615.687293106144,24704.724509559142,4,4,2,False,19,110
2024-04-20,13413.79045778818,20251.45594397828,6168.103975927437,25227.431423096084,0.0,14605.918954597812,931865.5464044012,False,True,False,,14605.918954597812,15995.046530498548,10594.318069500681,4082.310424129133,8748.515382694808,12784.641006365748,14268.215922533624,10128.15466134651,12621.092964606909,24718.183720973382,5,4,2,False,20,111
2024-04-21,10710.819309599934,18185.53088466171,7624.295328053634,26435.91923832723,0.0,10084.72628398805,941950.2726883893,False,True,False,,10084.72628398805,14605.918954597812,-5673.666463073154,944.2661467964426,6435.9743405357585,15035.839970231635,14921.105932333025,10249.779726128252,9889.869169802772,24708.364839533315,6,4,2,False,21,112
2024-04-22,16483.620115033278,23742.409326793233,8527.479585368297,60000.0,0.0,-11246.490972805193,930703.7817155841,False,False,True,monto_redondo,-11246.490972805193,10084.72628398805,2449.667635624224,17944.039265228123,1976.8939026667686,13079.245883313144,12836.068058187786,9809.000230279189,13493.260268192014,24977.518108847307,0,4,2,False,22,113
2024-04-23,10748.039103117088,17389.05828291446,7604.927934944371,29370.286509233458,538.026280580775,5833.712531161684,936537.4942467458,False,False,False,,5833.712531161684,-11246.490972805193,6486.047538826671,14551.409572025463,3820.4177007234102,12986.05516793243,12213.375412411802,9876.110057960464,13548.524726407073,24963.573873203924,1,4,2,False,23,114
2024-04-24,18936.425327276695,27451.95162193321,10125.812363153847,23915.360523701722,0.0,32598.828788662035,969136.3230354078,False,False,False,,32598.828788662035,5833.712531161684,26564.223864164513,19512.503472045664,18299.67769771512,13848.141585717793,13148.112935027257,10352.748427658695,14699.586199305768,25264.64786861849,2,4,2,False,24,115
2024-04-25,16875.471650886437,27306.15190446433,12422.018170168089,29528.238485188507,0.0,27075.40324033035,996211.7262757382,False,False,False,,27075.40324033035,32598.828788662035,29065.248983921603,28551.034115570903,26565.16702751889,13563.877908061899,13042.710729652932,10369.756301419076,14371.855940384532,25276.10737362457,3,4,2,False,25,116
2024-04-26,18748.41982716392,33803.81680078379,9401.197304777603,31070.44203770738,0.0,30882.991895017938,1027094.7181707561,False,False,False,,30882.991895017938,27075.40324033035,15995.046530498548,18164.965229743226,17156.40996090073,15690.727245850385,13951.141205743983,10827.309032556317,15820.230564638292,25526.200229472513,4,4,2,False,26,117
2024-04-27,12898.08277385166,21235.23047397695,7837.674360838485,33453.24300088277,145545.39845951585,-137027.6538517315,890067.0643190246,False,True,False,,-137027.6538517315,30882.991895017938,14605.918954597812,10594.318069500681,30312.418962356707,-5971.2117264823755,3406.714639941684,5249.306605420043,59914.83968442194,36880.05593847305,5,4,2,False,27,118
2024-04-28,19622.25196447877,27942.16388274239,6405.57673473535,33254.461192039285,0.0,20715.531389917225,910782.5957089418,False,True,False,,20715.531389917225,-137027.6538517315,10084.72628398805,-5673.666463073154,35813.27935890772,-4452.525282778209,5291.657343726712,4746.048339787027,60521.30801024337,36550.13885858474,6,4,2,True,28,119
2024-04-29,17846.91155675781,27596.769015077636,10851.158961810901,38360.2688960691,0.0,17934.570637577242,928717.166346519,False,False,False,,17934.570637577242,20715.531389917225,-11246.490972805193,2449.667635624224,18299.67769771512,-283.80219558071724,6397.721843866211,4733.878104449098,60978.61465072582,36545.53073060268,0,4,2,True,29,120
2024-04-30,12943.372071422431,22471.373376819774,9864.80267795871,49149.172110530606,0.0,-3869.6239843296935,924847.5423621894,False,False,False,,-3869.6239843296935,17934.570637577242,5833.712531161684,6486.047538826671,-6991.056727420713,-1669.9931263651997,5658.031020783614,4837.925862552132,60926.639114488775,36515.42897723927,1,4,2,True,30,121
2024-05-01,15797.114285516993,24025.03691602685,9639.669802644516,31243.977225851453,0.0,18217.843778336905,943065.3861405263,True,False,False,,18217.843778336905,-3869.6239843296935,32598.828788662035,26564.223864164513,23106.769475972014,-3724.4195564116467,5061.861014653071,4674.961672630961,59810.75899358434,36441.92114480813,2,5,2,False,1,122
2024-05-02,14152.137956538723,21606.26373065085,12581.453668310894,39983.54399424355,0.0,8356.311361256921,951421.6975017831,False,False,False,,8356.311361256921,18217.843778336905,27075.40324033035,29065.248983921603,-107655.64931228755,-6398.575539136423,3582.651184462736,8542.027028415778,58610.605627290395,29629.409447671696,3,5,2,False,2,123
2024-05-03,19665.502663874144,32014.495087793002,16084.17899152177,41078.798970027994,0.0,26685.377773160923,978107.0752749441,False,False,False,,26685.377773160923,8356.311361256921,30882.991895017938,15995.046530498548,13179.930948306508,-6998.234699401711,4346.246273224335,8992.208589244257,58185.52814152621,29804.388905374166,4,5,2,False,3,124
2024-05-04,12132.667957738677,17685.34249720453,8314.405095825736,30992.790005208357,0.0,7139.625545560586,985246.7008205047,False,True,False,,7139.625545560586,26685.377773160923,-137027.6538517315,14605.918954597812,5626.467588555664,13597.090928782874,3812.9396011502467,9042.64718781109,10298.796804701256,29799.77659748718,5,5,2,False,4,125
2024-05-05,11244.392376484497,17018.887714849832,9140.513236915367,29773.5857894069,0.0,7630.207538842795,992876.9083593475,True,True,False,,7630.207538842795,7139.625545560586,20715.531389917225,10084.72628398805,14060.927878629322,11727.758950057958,3637.6168336398723,8828.289843151537,9973.815570539287,29785.559591438017,6,5,2,False,5,126
2024-05-06,21411.638853379827,33360.20186230586,15298.953097770294,40561.195798693145,0.0,29509.598014762836,1022386.5063741104,False,False,False,,29509.598014762836,7630.207538842795,17934.570637577242,-11246.490972805193,4082.310424129133,13381.334289655899,6548.7660470375895,9675.86609617266,11940.06624481515,30006.808346394842,0,5,2,False,6,127
2024-05-07,11610.602824453674,20357.593287058884,6697.763168721799,36307.019459313,0.0,2358.9398209213614,1024745.4461950317,False,False,False,,2358.9398209213614,29509.598014762836,-3869.6239843296935,5833.712531161684,944.2661467964426,14271.129118977478,6300.567996306137,9723.02188531016,10596.749235567726,29993.722176119423,1,5,2,False,7,128
2024-05-08,13488.059305516465,21947.66084426448,8537.762059948653,35944.86531138651,0.0,8028.616898343091,1032774.0630933748,False,False,False,,8028.616898343091,2358.9398209213614,18217.843778336905,32598.828788662035,17944.039265228123,12815.52527897836,4545.552861283355,9392.50780641399,10663.860234598107,29954.61303727714,2,5,2,False,8,129
2024-05-09,13291.897880120998,22654.927801018126,7138.8380684653475,37208.92657958834,0.0,5876.737170016131,1038650.800263391,False,False,False,,5876.737170016131,8028.616898343091,8356.311361256921,27075.40324033035,14551.409572025463,12461.30039451539,3031.362427689482,9103.352059680346,10875.747908335024,29944.963578919615,3,5,2,False,9,130
2024-05-10,12669.614866434866,24645.682282858797,11178.857313789253,40599.12131822544,0.0,7895.0331448574725,1046545.8334082485,False,False,False,,7895.0331448574725,5876.737170016131,26685.377773160923,30882.991895017938,19512.503472045664,9776.965447614899,1389.3653741065918,8716.103048774074,8923.547463177276,29880.76028214002,4,5,2,False,10,131
2024-05-11,8841.773601529014,14550.952070189438,4825.870024214811,31013.641053141364,0.0,-2795.0453572081024,1043750.7880510404,False,True,False,,-2795.0453572081024,7895.0331448574725,7139.625545560586,-137027.6538517315,28551.034115570903,8357.726747219373,10977.408838001122,7671.233733014773,10122.40436245412,29710.82741609024,5,5,2,False,11,132
2024-05-12,10267.878414118575,17652.09033686197,8703.988442410986,35961.95227323331,0.0,662.0049201582151,1044412.7929711986,False,True,False,,662.0049201582151,-2795.0453572081024,7630.207538842795,20715.531389917225,18164.965229743226,7362.269230264433,9545.014090161192,7087.801722695273,10539.898173343476,29669.480317623656,6,5,2,False,12,133
2024-05-13,13324.658849559422,25085.222218578358,10730.673745649292,28557.204655006095,0.0,20583.350158780977,1064996.1431299795,False,False,False,,20583.350158780977,662.0049201582151,29509.598014762836,17934.570637577242,10594.318069500681,6087.090965124166,9734.21262739003,7420.769459004616,7521.601917158383,29766.083425612695,0,5,2,False,13,134
2024-05-14,10172.776772309322,17517.04392440851,6351.99687147113,33704.0222090532,0.0,337.79535913576547,1065333.9384891153,False,False,False,,337.79535913576547,20583.350158780977,2358.9398209213614,-3869.6239843296935,-5673.666463073154,5798.356042011938,10034.742580494707,7621.1515197449135,7724.621742858441,29695.042912330602,1,5,2,False,14,135
2024-05-15,11559.516741443647,18716.687222396533,8040.990743921771,51756.777048613774,0.0,-13439.582340851819,1051894.3561482634,False,False,False,,-13439.582340851819,337.79535913576547,8028.616898343091,18217.843778336905,2449.667635624224,2731.4704364126655,7773.49785769551,7091.509853862377,10466.632576368607,29931.223628883927,2,5,2,False,15,136
2024-05-16,16513.51262888862,29502.532035735494,11697.301522250746,170525.98504652022,0.0,-112812.63885964535,939081.7172886181,False,False,True,benford_violation,-112812.63885964535,-13439.582340851819,5876.737170016131,8356.311361256921,6486.047538826671,-14224.15471068183,-881.427158083223,3114.886973913311,44694.14261814144,37084.57189106409,3,5,2,False,16,137
2024-05-17,20844.208023687548,33662.17318009295,11327.002908801445,46274.43853917883,69891.63957638685,-50332.69400298373,888749.0232856344,False,False,False,,-50332.69400298373,-112812.63885964535,7895.0331448574725,26685.377773160923,26564.223864164513,-22542.40144608772,-6382.717999236413,551.6563783417029,45305.654252352135,38052.761319473975,4,5,2,False,17,138
2024-05-18,13948.289504640396,24970.44168546665,12144.632392855678,30908.374136263625,0.0,20154.98944669909,908904.0127323334,False,True,False,,20154.98944669909,-50332.69400298373,-2795.0453572081024,7139.625545560586,29065.248983921603,-19263.825045529546,-5453.049149155091,254.64772710095264,47737.964482251766,37856.80185638462,5,5,2,False,18,139
2024-05-19,17178.60156788021,28107.71373621806,13572.505192928513,34017.377804243726,0.0,24841.442692783057,933745.4554251165,False,True,False,,24841.442692783057,20154.98944669909,662.0049201582151,7630.207538842795,15995.046530498548,-15809.619649440285,-4223.675209587929,549.527599177103,50229.79646164634,38017.74887902937,6,5,2,False,19,140
2024-05-20,13950.427422527093,23048.12266781607,11389.606742660852,29563.84067533399,0.0,18824.316157670026,952569.7715827865,False,False,False,,18824.316157670026,24841.442692783057,20583.350158780977,29509.598014762836,14605.918954597812,-16060.910221027563,-4986.9096279517025,690.14083927951,50021.3520156474,38079.282203763236,0,5,2,False,20,141
2024-05-21,12119.490906282228,20332.193144288034,8072.4796483382825,32879.4986738314,0.0,7644.665025077149,960214.4366078636,False,False,False,,7644.665025077149,18824.316157670026,337.79535913576547,2358.9398209213614,10084.72628398805,-15017.07169732165,-4609.35782765486,608.8054639824801,50494.592954491534,38061.125506187986,1,5,2,False,21,142
2024-05-22,11355.959313315529,18824.206317933975,6982.149256010837,33409.912883350575,0.0,3752.402003909767,963966.8386117734,False,False,False,,3752.402003909767,7644.665025077149,-13439.582340851819,8028.616898343091,-11246.490972805193,-12561.07393378428,-4914.801748685811,1108.768563206312,50999.6808831334,37998.48645884156,2,5,2,False,22,143
2024-05-23,15319.041058793844,26503.177069598634,12919.50520048131,37634.32623352634,0.0,17107.39709534745,981074.2357071209,False,False,False,,17107.39709534745,3752.402003909767,-112812.63885964535,5876.737170016131,5833.712531161684,5998.931202643263,-4112.611754019288,1484.5580486791707,25898.294890981506,38102.429422502864,3,5,2,False,23,144
2024-05-24,15241.141304018545,24257.62315320676,8964.944879002927,38426.62243150318,0.0,10037.086904725053,991111.3226118459,False,False,False,,10037.086904725053,17107.39709534745,-50332.69400298373,7895.0331448574725,32598.828788662035,14623.185618030231,-3959.607914028747,732.4999858812715,7601.978066915755,37687.526005144806,4,5,2,False,24,145
2024-05-25,11095.71039383466,18835.771689464535,6899.52319211641,35325.08613095441,0.0,1505.9191444611934,992617.2417563071,False,True,False,,1505.9191444611934,10037.086904725053,20154.98944669909,-2795.0453572081024,27075.40324033035,11959.032717710532,-3652.3961639095114,-119.81615064770037,8549.057205183295,37358.92785172872,5,5,2,False,25,146
2024-05-26,8364.980707816785,16348.39734705015,7194.412641865219,37257.48711016793,0.0,-5349.696413435777,987267.5453428713,False,True,False,,-5349.696413435777,1505.9191444611934,24841.442692783057,662.0049201582151,30882.991895017938,7646.012845393555,-4081.803402023368,-1327.5724275961575,8582.335628307661,36905.00970609449,6,5,2,False,26,147
2024-05-27,14380.07838490752,29277.3679813044,11474.935688941276,29234.117735660588,0.0,25898.26431949261,1013165.809662364,False,False,False,,25898.26431949261,-5349.696413435777,18824.316157670026,20583.350158780977,-137027.6538517315,8656.576868511067,-3702.1666762582513,4103.291511444646,10351.976062893164,26870.903437664165,0,5,2,False,27,148
2024-05-28,20838.149150473255,36534.248127340165,12145.19372825368,36843.12902548605,0.0,32674.46198058105,1045840.271642945,False,False,False,,32674.46198058105,25898.26431949261,7644.665025077149,337.79535913576547,20715.531389917225,12232.262147868767,-1392.404774726445,4501.92253113344,13719.308860136278,27212.380652571304,1,5,2,False,28,149
2024-05-29,16976.192468569272,27566.533236301417,12890.642342957908,37471.42481708131,0.0,19961.94323074729,1065802.2148736923,False,False,False,,19961.94323074729,32674.46198058105,3752.402003909767,-13439.582340851819,17934.570637577242,14547.910894559842,993.4184803877766,4569.501617572442,13414.05327355373,27249.381745296407,2,5,2,True,29,150
2024-05-30,16773.464979918812,30045.567656250292,9480.685513242408,43242.74272281704,0.0,13056.975426594472,1078859.1903002867,False,False,False,,13056.975426594472,19961.94323074729,17107.39709534745,-112812.63885964535,-3869.6239843296935,13969.279227595132,9984.105215119193,5133.721597936581,13372.541319621709,27243.856254381586,3,5,2,True,30,151
2024-05-31,14536.322904775914,23756.960320251892,10251.686958753802,48003.77824117999,0.0,541.1919426016175,1079400.3822428884,False,False,False,,541.1919426016175,13056.975426594472,10037.086904725053,-50332.69400298373,18217.843778336905,12612.72280443464,13617.95421123243,4544.499870078738,14288.216837863169,27142.081472248374,4,5,2,True,31,152
2024-06-01,7609.984893010884,13017.655227943618,4363.181146789776,31279.89172262334,0.0,-6289.070454879064,1073111.3117880095,False,True,False,,-6289.070454879064,541.1919426016175,1505.9191444611934,20154.98944669909,8356.311361256921,11499.152861671746,11729.092789691134,4056.320476207539,15546.46410597086,27202.79636884617,5,6,2,False,1,153
2024-06-02,9446.883120433686,14849.482244371438,5322.0528709450045,33314.71953849872,0.0,-3696.3013027485904,1069415.010485261,False,True,False,,-3696.3013027485904,-6289.070454879064,-5349.696413435777,24841.442692783057,26685.377773160923,11735.352163198488,9690.682504296015,3043.5978403438876,15257.691239649475,26895.091511178576,6,6,2,False,2,154
2024-06-03,14285.525784102882,25290.01562211584,11852.328421405804,116105.8975750249,0.0,-64678.02774740037,1004736.9827378606,False,False,True,proveedor_fantasma,-64678.02774740037,-3696.3013027485904,25898.26431949261,18824.316157670026,7139.625545560586,-1204.1181320719375,3726.2293682195595,649.676063911856,31260.172103775978,29580.135319209654,0,6,2,False,3,155
2024-06-04,20576.172469838097,34510.258103103355,19313.80879623155,31372.161706309107,0.0,43028.077662863885,1047765.0604007245,False,False,False,,43028.077662863885,-64678.02774740037,32674.46198058105,7644.665025077149,7630.207538842795,274.969822539896,6253.6159852043265,1829.6050680458925,33308.170183644914,30558.018242491882,1,6,2,False,4,156
2024-06-05,54731.379533447645,23429.10726071267,10630.000346371266,48986.73468212742,0.0,39803.75245840416,1087568.8128591287,False,False,True,madrugada,39803.75245840416,43028.077662863885,19961.94323074729,3752.402003909767,29509.598014762836,3109.5139979194487,8828.71244623964,2172.7435495006034,35998.40379752646,30935.028370550543,2,6,2,False,5,157
2024-06-06,17185.087033895437,26347.781729656057,12668.258523637376,29004.707903494615,0.0,27196.419383694258,1114765.2322428229,False,False,False,,27196.419383694258,39803.75245840416,13056.975426594472,17107.39709534745,2358.9398209213614,5129.434563219418,9549.35689540727,3000.659534926366,37031.46617939947,31270.725411538773,3,6,2,False,6,158
2024-06-07,15914.648210362646,25439.32108114283,7629.409476720116,34072.53198030401,0.0,14910.846787921582,1129676.0790307445,False,False,False,,14910.846787921582,27196.419383694258,541.1919426016175,10037.086904725053,8028.616898343091,7182.242398265128,9897.482601349879,3230.0671979123163,37132.87590775988,31334.06383388302,4,6,2,False,7,159
2024-06-08,8108.154774047837,14757.860413039865,4961.3706582862715,35959.433671036546,0.0,-8132.047825662572,1121544.0312050818,False,True,False,,-8132.047825662572,14910.846787921582,-6289.070454879064,1505.9191444611934,5876.737170016131,6918.959916724626,9209.056389198182,2763.10769805636,37250.65733314059,31397.580839525905,5,6,2,False,8,160
2024-06-09,7854.713902753755,15210.7356497693,8357.679212244677,33295.6449426252,0.0,-1872.5161778574693,1119671.5150272243,False,True,False,,-1872.5161778574693,-8132.047825662572,-3696.3013027485904,-5349.696413435777,7895.0331448574725,7179.500648851928,9457.426406025204,2437.5227206325285,37170.328537151414,31393.1722080609,6,6,2,False,9,161
2024-06-10,11788.118287692623,22432.495781821035,10108.928498733489,22881.01273014074,0.0,21448.529838106406,1141120.0448653307,False,False,False,,21448.529838106406,-1872.5161778574693,-64678.02774740037,25898.26431949261,-2795.0453572081024,19483.29458963861,9139.588228783332,3245.6418938096776,19451.723705894972,31565.396539540026,0,6,2,False,10,162
2024-06-11,23675.290592465168,40566.803096012896,19316.005987551296,36149.465141738016,39657.36805728517,7751.266477006182,1148871.311342337,False,False,False,,7751.266477006182,21448.529838106406,43028.077662863885,32674.46198058105,662.0049201582151,14443.750134516082,7359.359978527985,3481.950612371277,16711.881732503607,31571.923210353238,1,6,2,False,11,163
2024-06-12,13122.897216283262,23429.10726071267,10630.000346371266,48986.73468212742,0.0,-1804.72985876022,1147066.5814835767,False,False,True,duplicado,-1804.72985876022,7751.266477006182,39803.75245840416,19961.94323074729,20583.350158780977,8499.681232064027,5804.597614991734,2735.681278453237,13224.230567735209,31417.97602472097,2,6,2,False,12,164
2024-06-13,17792.667689288563,31428.812583494942,11747.343645191504,181627.53771849745,0.0,-120658.71380052244,1026407.8676830542,False,False,True,benford_violation,-120658.71380052244,-1804.72985876022,27196.419383694258,13056.975426594472,337.79535913576547,-12622.4806513955,-3746.5230440880455,-1297.5356935353698,48748.64882933896,38666.571597011854,3,6,2,False,13,165
2024-06-14,14469.900097009806,24017.54890788954,9621.810700784952,30025.53895132211,0.0,18083.72075436219,1044491.5884374164,False,False,False,,18083.72075436219,-120658.71380052244,14910.846787921582,541.1919426016175,-13439.582340851819,-12169.212941903985,-2493.485271819433,-246.7589236949026,49061.07265387414,38753.459851347885,4,6,2,False,14,166
2024-06-15,12384.701140166902,22546.08049747194,7227.739787394407,45786.041643801495,0.0,-3627.5202187682444,1040864.0682186481,False,True,False,,-3627.5202187682444,18083.72075436219,-8132.047825662572,-6289.070454879064,-112812.63885964535,-11525.708998061938,-2303.3745406686603,3392.745031001001,49152.307899041036,32428.20261117069,5,6,2,False,15,167
2024-06-16,11774.305047741293,17987.012605534954,6920.269668878475,26507.352952385503,0.0,10174.23436976922,1051038.3025884172,False,True,False,,10174.23436976922,-3627.5202187682444,-1872.5161778574693,-3696.3013027485904,-50332.69400298373,-9804.74463411527,-1312.6219926316737,5409.642643426098,49753.840074514184,30812.889674128386,6,6,2,False,16,168
2024-06-17,14235.32352661307,25838.411848737967,9616.78656398109,42582.409507700126,0.0,7108.112431632006,1058146.415020049,False,False,False,,7108.112431632006,10174.23436976922,21448.529838106406,-64678.02774740037,20154.98944669909,-11853.375692183039,3814.9594487277814,4974.746742923863,48532.750037762846,30689.421094288744,0,6,2,False,17,169
2024-06-18,14605.630072630114,25928.121387848692,11121.215848746013,36161.411455991074,0.0,15493.555853233745,1073639.9708732828,False,False,False,,15493.555853233745,7108.112431632006,7751.266477006182,43028.077662863885,24841.442692783057,-10747.334352721959,1848.2078908970568,4663.150514938886,49138.43766276288,30527.78464060456,1,6,2,False,18,170
2024-06-19,12749.027449141595,21246.44526663255,7186.547959482871,30669.20084381924,0.0,10512.819831437777,1084152.7907047204,False,False,False,,10512.819831437777,15493.555853233745,-1804.72985876022,39803.75245840416,18824.316157670026,-8987.684396979388,-244.00158245768475,4386.100637397812,49729.04205233096,30432.401480671753,2,6,2,False,19,171
2024-06-20,15474.645454745756,28218.689085087582,13771.8841327248,37149.64376481066,0.0,20315.574907747483,1104468.365612468,False,False,False,,20315.574907747483,10512.819831437777,-120658.71380052244,27196.419383694258,7644.665025077149,11151.49970420203,-735.4904735967401,4808.464300153489,8031.404865268449,30566.81709558618,3,6,2,False,20,172
2024-06-21,14626.825293053565,23713.648775796377,9181.027898591277,36884.801033598174,0.0,10636.700933843043,1115105.0665463111,False,False,False,,10636.700933843043,20315.574907747483,18083.72075436219,14910.846787921582,3752.402003909767,10087.63972984215,-1040.7866060309213,5037.940931151264,7430.876209320927,30584.451877211817,4,6,2,False,21,173
2024-06-22,8914.26986134762,14688.056758109358,5910.133137854715,36602.06310890405,0.0,-7089.603351592352,1108015.4631947188,False,True,False,,-7089.603351592352,10636.700933843043,-3627.5202187682444,-8132.047825662572,17107.39709534745,9593.056425152992,-966.3262864544771,4231.3742495866045,8529.823233565985,30574.24049082384,5,6,2,False,22,174
2024-06-23,7223.1509466894495,11751.498474803064,5341.536332329398,32457.261573143027,0.0,-8141.075819321119,1099874.3873753976,False,True,False,,-8141.075819321119,-7089.603351592352,10174.23436976922,-1872.5161778574693,10037.086904725053,6976.583540997231,-1414.0805465590236,3625.4354921183985,10822.71894798024,30635.28371129285,6,6,2,False,23,175
2024-06-24,19047.897223993616,29467.118130122606,8898.717998755516,34106.53370156687,0.0,23307.199651304865,1123181.5870267025,False,False,False,,23307.199651304865,-8141.075819321119,7108.112431632006,21448.529838106406,1505.9191444611934,9290.738858093353,-1281.318417044848,4352.144842346521,12463.092121897904,30841.158086036718,0,6,2,False,24,176
2024-06-25,20243.327714890183,36114.47269202184,14040.098428627038,27976.237174274356,70903.6398185556,-28481.978157290898,1094699.6088694115,False,False,False,,-28481.978157290898,23307.199651304865,15493.555853233745,7751.266477006182,-5349.696413435777,3008.51971373269,-3869.4073194946395,3581.068784218017,18457.208446558107,31376.606204980213,1,6,2,False,25,177
2024-06-26,18936.381275613196,68186.04068868284,8153.986621835475,31008.02875288399,0.0,64268.37983324752,1158967.988702659,False,False,True,monto_atipico,64268.37983324752,-28481.978157290898,10512.819831437777,-1804.72985876022,25898.26431949261,10687.88542827694,850.100515648771,4860.072634676514,29798.37411392353,33054.84891741824,2,6,2,False,26,178
2024-06-27,16380.902173852697,29422.140949422374,9633.100807292954,21596.741095699283,0.0,33839.40283486874,1192807.3915375278,False,False,False,,33839.40283486874,64268.37983324752,20315.574907747483,-120658.71380052244,32674.46198058105,12619.86084643712,11885.680275319568,4898.903996486104,30943.04243121566,33089.317038196124,3,6,2,False,27,179
2024-06-28,16958.385327264663,32685.179501556035,12144.694478132446,30568.342225827746,0.0,31219.917081125397,1224027.308618653,False,False,False,,31219.917081125397,33839.40283486874,10636.700933843043,18083.72075436219,19961.94323074729,15560.320296048885,12823.980012945512,5274.169791498707,31692.10286930338,33329.007768368516,4,6,2,True,28,180
2024-06-29,15170.009780880468,24788.608054738586,10373.46820952437,32834.28004432569,0.0,17497.806000817727,1241525.114619471,False,True,False,,17497.806000817727,31219.917081125397,-7089.603351592352,-3627.5202187682444,13056.975426594472,19072.80734639318,14332.931885773083,5422.197477306149,30085.179513982734,33374.59691537357,5,6,2,True,29,181
2024-06-30,11333.449235436807,20652.776821783693,8712.02451702932,55610.75257682451,0.0,-14912.502002574693,1226612.6126168962,False,True,False,,-14912.502002574693,17497.806000817727,-8141.075819321119,10174.23436976922,541.1919426016175,18105.46074878553,12541.022144891374,4907.074345800273,31194.45371867669,33571.21257110494,6,6,2,True,30,182
2024-07-01,13231.240006771604,22636.472700520917,10563.411947253679,30681.286647864028,0.0,15749.83800668217,1242362.4506235784,False,False,False,,15749.83800668217,-14912.502002574693,23307.199651304865,7108.112431632006,-6289.070454879064,17025.83765669657,13158.288257394957,5641.704627852314,31115.096618807354,33558.89547892853,0,7,3,False,1,183
2024-07-02,17676.798860654653,28728.444637526718,10998.018923277663,34387.38575047686,0.0,23015.876670982172,1265378.3272945606,False,False,False,,23015.876670982172,15749.83800668217,-28481.978157290898,15493.555853233745,-3696.3013027485904,24382.674060735582,13695.596887234131,6532.110560310005,23787.088233215247,33656.81942729847,1,7,3,False,2,184
2024-07-03,17006.125308932686,26675.550684818318,10980.776404417134,35849.44255434081,0.0,18813.009843827334,1284191.3371383878,False,False,False,,18813.009843827334,23015.876670982172,64268.37983324752,10512.819831437777,-64678.02774740037,17889.049776532698,14288.467602404811,9315.14514668426,16020.481369149467,30904.882757300104,2,7,3,False,3,185
2024-07-04,19574.2106106602,36240.98903357122,12255.599216756662,42281.093681191385,0.0,25789.7051797967,1309981.0423181846,False,False,False,,25789.7051797967,18813.009843827334,33839.40283486874,20315.574907747483,43028.077662863885,16739.092968665263,14679.476907551185,8740.532730582023,14937.005100819357,30412.78400415232,3,7,3,False,4,186
2024-07-05,17204.87049854096,27295.18255662289,9307.523416593313,34314.36028878739,0.0,19493.216182969772,1329474.2585011544,False,False,False,,19493.216182969772,25789.7051797967,31219.917081125397,10636.700933843043,39803.75245840416,15063.849983214459,15312.085139631667,8063.51485473421,13643.866647526218,29919.507810500403,4,7,3,False,5,187
2024-07-06,8822.059190694768,13531.04805321242,4947.078288466144,40106.056580649165,67732.36096776076,-80538.23201603659,1248936.0264851179,False,True,False,,-80538.23201603659,19493.216182969772,17497.806000817727,-7089.603351592352,27196.419383694258,1058.7016950924133,10065.754520742792,4472.359808076514,38465.905408258935,33762.57934501218,5,7,3,False,6,188
2024-07-07,8610.633130005323,13722.286388389399,3861.0298795194203,32314.483719083924,0.0,-6120.53432116978,1242815.492163948,False,True,False,,-6120.53432116978,-80538.23201603659,-14912.502002574693,-8141.075819321119,14910.846787921582,2314.697078150258,10210.078913467889,3771.313771106803,37998.19005486035,33756.7079341765,6,7,3,False,7,189
2024-07-08,25025.220841956518,36788.92280591108,18759.47554135951,37487.72067475648,0.0,43085.89851447064,1285901.3906784186,False,False,False,,43085.89851447064,-6120.53432116978,15749.83800668217,23307.199651304865,-8132.047825662572,6219.848579262897,11622.84311797973,5478.578649111243,40902.75272264026,34422.55101918088,0,7,3,False,8,190
2024-07-09,23477.11035482924,32978.5682133086,15280.84672832867,29991.45570311566,0.0,41745.069593350854,1327646.4602717694,False,False,False,,41745.069593350854,43085.89851447064,23015.876670982172,-28481.978157290898,-1872.5161778574693,8895.447568172709,16639.06081445414,6932.498174818188,42755.18300068527,35017.36113849606,1,7,3,False,9,191
2024-07-10,12723.049618709629,25016.898579134056,10750.234489184213,31512.74157416601,0.0,16977.441112861885,1344623.9013846314,False,False,False,,16977.441112861885,41745.069593350854,18813.009843827334,64268.37983324752,21448.529838106406,8633.223463749073,13261.136620140882,6783.461883976704,42689.79832920828,34962.921838423244,2,7,3,False,10,192
2024-07-11,13361.927917914009,22807.113583766342,9335.12301739849,28467.129363132277,0.0,17037.035155946563,1361660.936540578,False,False,False,,17037.035155946563,16977.441112861885,25789.7051797967,33839.40283486874,7751.266477006182,7382.842031770481,12060.967500217868,7092.98750660805,42229.232170653275,35012.852879799735,3,7,3,False,11,193
2024-07-12,19250.33532445516,34393.24553556853,14460.652084194315,28231.456793332534,0.0,39872.776150885475,1401533.7126914635,False,False,False,,39872.776150885475,17037.035155946563,19493.216182969772,31219.917081125397,-1804.72985876022,10294.207741472725,12679.028862343586,8482.23770692957,43873.778431713654,35471.47509758988,4,7,3,False,12,194
2024-07-13,8122.815172167623,12718.661039799543,6021.060424422268,37374.13437411619,0.0,-10511.597737726759,1391022.1149537368,False,True,False,,-10511.597737726759,39872.776150885475,-80538.23201603659,17497.806000817727,-120658.71380052244,20298.012638374134,10678.357166733267,12153.808242356094,22476.903870716054,26108.202136440254,5,7,3,False,13,195
2024-07-14,8242.269542493956,14267.908342461193,6052.183185499824,29610.315805046477,0.0,-1047.9547345915053,1389974.1602191452,False,True,False,,-1047.9547345915053,-10511.597737726759,-6120.53432116978,-14912.502002574693,18083.72075436219,21022.66686502817,11668.681971589207,11516.08572605764,21545.695931659204,26191.884981859075,6,7,3,False,14,196
2024-07-15,17687.30419360339,32197.94845783756,9732.82877732955,41038.019879853295,0.0,18580.061548917212,1408554.2217680626,False,False,False,,18580.061548917212,-1047.9547345915053,43085.89851447064,15749.83800668217,-3627.5202187682444,17521.833012806248,11870.840796034568,12256.338451647152,19229.713749665247,26062.63149882752,0,7,3,False,15,197
2024-07-16,16204.244281773437,24787.18778770257,7000.738361048472,35926.31322939327,0.0,12065.857201131206,1420620.0789691939,False,False,False,,12065.857201131206,18580.061548917212,41745.069593350854,23015.876670982172,10174.23436976922,13281.945528203443,11088.696548188072,12319.392546025887,15999.256783833716,26059.708568646667,1,7,3,False,16,198
2024-07-17,15175.269282845391,25755.216310784497,10232.638347826385,35752.18813933529,0.0,15410.935802120985,1436031.0147713148,False,False,False,,15410.935802120985,12065.857201131206,16977.441112861885,18813.009843827334,7108.112431632006,13058.159055240458,10845.69125949476,12596.153325042187,15949.831007893323,26046.54071492338,2,7,3,False,17,199
2024-07-18,14659.951521183364,23359.74636110159,9534.957128973605,40195.600535818325,0.0,7359.054475440229,1443390.069246755,False,False,False,,7359.054475440229,15410.935802120985,17037.035155946563,25789.7051797967,15493.555853233745,11675.590386596696,9529.216209183583,12325.003279115735,15966.895545702539,26057.676614439584,3,7,3,False,18,200
2024-07-19,17715.789363607786,29517.36961462625,12748.261862226413,28149.992920727804,0.0,31831.42791973264,1475221.4971664876,False,False,False,,31831.42791973264,7359.054475440229,39872.776150885475,19493.216182969772,10512.819831437777,10526.826353574861,10410.517047523788,13035.623548725564,13733.10726077474,26296.15152393535,4,7,3,False,19,201
2024-07-20,14820.307889702617,22483.33611102082,11849.280330696942,21992.27234712308,0.0,27160.6519842973,1502382.1491507848,False,True,False,,27160.6519842973,31831.42791973264,-10511.597737726759,-80538.23201603659,20315.574907747483,15908.576313864014,18103.294476119067,13263.792784610558,11276.196526592177,26391.023071879044,5,7,3,False,20,202
2024-07-21,10845.761353665854,18255.233630331717,7037.047458024683,21671.139507643125,0.0,14466.90293437913,1516849.052085164,False,True,False,,14466.90293437913,27160.6519842973,-1047.9547345915053,-6120.53432116978,10636.700933843043,18124.98455228839,19573.825708658278,13391.466184628429,8593.436130931259,26387.140096803065,6,7,3,False,21,203
2024-07-22,17897.467872726946,29942.96996966976,10086.45376181403,27494.88528584235,0.0,30432.00631836839,1547281.0584035325,False,False,False,,30432.00631836839,14466.90293437913,18580.061548917212,43085.89851447064,-7089.603351592352,19818.119519352847,18669.976266079542,14642.186506960452,9783.247712113132,26271.874610616233,0,7,3,False,22,204
2024-07-23,11268.318419294563,16328.385934865939,7256.69510797705,36555.8455997003,0.0,-1702.4461375627434,1545578.6122659696,False,False,False,,-1702.4461375627434,30432.00631836839,12065.857201131206,41745.069593350854,-8141.075819321119,17851.219042396566,15566.582285299999,14856.8074963524,12584.56665601919,26105.104917664547,1,7,3,False,23,205
2024-07-24,18716.24922235744,27363.261014199896,10134.24077171446,29950.786438081617,0.0,26262.964570190183,1571841.57683616,False,False,False,,26262.964570190183,-1702.4461375627434,15410.935802120985,16977.441112861885,23307.199651304865,19401.50886640645,16229.83396082345,14955.332993648575,12898.362934117687,26143.647381288865,2,7,3,False,24,206
2024-07-25,13494.851976336022,21016.29457864657,9561.965331975356,31079.493023436455,68475.28423680221,-55481.66537328072,1516359.9114628793,False,False,False,,-55481.66537328072,26262.964570190183,7359.054475440229,17037.035155946563,-28481.978157290898,10424.26317373203,11049.926780164358,14055.343419782248,31348.947598358278,28083.305849367975,3,7,3,False,25,207
2024-07-26,14381.821341895175,22172.67940231687,9571.988521418083,35007.16618534638,0.0,11119.323080283742,1527479.234543163,False,False,False,,11119.323080283742,-55481.66537328072,31831.42791973264,39872.776150885475,64268.37983324752,7465.391053810759,8996.108703692806,12283.708194683453,29937.354117681116,26434.43444207264,4,7,3,False,26,208
2024-07-27,9269.995418698356,16769.68645856065,7428.094594589244,31131.694532630154,0.0,2336.0819392180965,1529815.3164823812,False,True,False,,2336.0819392180965,11119.323080283742,27160.6519842973,-10511.597737726759,33839.40283486874,3919.02390451373,9913.800109188867,11233.597498161767,28658.44988415119,26173.04860581211,5,7,3,False,27,209
2024-07-28,10491.89296629351,16122.989040222981,8564.189360658815,37167.21584557634,0.0,-1988.1444784010382,1527827.1720039803,False,True,False,,-1988.1444784010382,2336.0819392180965,14466.90293437913,-1047.9547345915053,31219.917081125397,1568.3028455451345,9846.643698916756,10126.662112844218,28321.94719756604,26000.283843509187,6,7,3,False,28,210
2024-07-29,22400.86564463821,35995.69706303668,11868.36470781292,53054.08748878416,0.0,17210.83992670365,1545038.0119306839,False,False,False,,17210.83992670365,-1988.1444784010382,30432.00631836839,18580.061548917212,17497.806000817727,-320.43521040697095,9748.842154472932,10117.096577040418,26455.624564008598,25997.531120477182,0,7,3,True,29,211
2024-07-30,12699.284070148202,20613.649811622385,6707.579077642181,34467.43492424986,0.0,5553.078035162907,1550591.0899658469,False,False,False,,5553.078035162907,17210.83992670365,-1702.4461375627434,12065.857201131206,-14912.502002574693,716.0682428395505,9283.643642618053,10799.282578298336,26534.46894831204,25583.308967742185,1,7,3,True,30,212
2024-07-31,18377.640776651628,29899.94841076487,12129.038051483998,41683.91558501463,0.0,18722.711653885868,1569313.8016197328,False,False,False,,18722.711653885868,5553.078035162907,26262.964570190183,15410.935802120985,15749.83800668217,-361.11074520392293,9520.199060601259,10898.378366538462,25455.65211362634,25608.890808250984,2,7,3,True,31,213
2024-08-01,14893.698126692801,21112.124647852674,10869.818622106168,21239.108119604345,0.0,25636.533277047303,1594950.33489678,False,False,False,,25636.533277047303,18722.711653885868,-55481.66537328072,7359.054475440229,23015.876670982172,11227.20334770008,10825.73326071605,10985.733586740631,9878.5975284124,25656.076702660917,3,8,3,False,1,214
2024-08-02,14624.254705431427,22660.885316417734,9917.993884172089,20792.987993549952,0.0,26410.145912471296,1621360.4808092513,False,False,False,,26410.145912471296,25636.533277047303,11119.323080283742,31831.42791973264,18813.009843827334,13411.60660944116,10438.498831625953,11238.97145569543,11420.95237034287,25773.226044076615,4,8,3,False,2,215
2024-08-03,13720.778917423362,22217.842185345515,6408.661407486652,22596.356924521882,0.0,19750.925585733647,1641111.406394985,False,True,False,,19750.925585733647,26410.145912471296,2336.0819392180965,27160.6519842973,25789.7051797967,15899.441416086238,9909.232660299978,11037.678802559994,10462.818154941355,25679.073856761264,5,8,3,False,3,216
2024-08-04,10194.1098771208,14816.420077958615,8326.740013106852,26264.655299728925,0.0,7072.61466845734,1648184.0210634423,False,True,False,,7072.61466845734,19750.925585733647,-1988.1444784010382,14466.90293437913,19493.216182969772,17193.83557992315,9381.069212734137,10623.658752076246,8195.957641835743,25638.14065641062,6,8,3,False,4,217
2024-08-05,18060.779810932367,30403.836320850813,13200.25598067844,25161.013470592694,0.0,36503.85864186892,1684687.8797053113,False,False,False,,36503.85864186892,7072.61466845734,17210.83992670365,30432.00631836839,-80538.23201603659,19949.981110661047,9814.772950127031,14525.061774006432,10975.31065770971,19444.686788649266,0,8,3,False,5,218
2024-08-06,14250.754147981883,22134.615703440668,10076.881254428607,48361.06423010402,0.0,-1898.8131242528616,1682789.0665810583,False,False,False,,-1898.8131242528616,36503.85864186892,5553.078035162907,-1702.4461375627434,-6120.53432116978,18885.425230744506,9800.746736792024,14665.785813903662,12812.173254392888,19304.893444175228,1,8,3,False,6,219
2024-08-07,9667.903734128342,20670.123231018377,9713.256566106038,32527.049871350235,0.0,7524.233659902518,1690313.300240961,False,False,False,,7524.233659902518,-1898.8131242528616,18722.711653885868,26262.964570190183,43085.89851447064,17285.642660175457,8462.265957485763,13480.396985418056,13515.705489621347,18577.733220594902,2,8,3,False,7,220
2024-08-08,15602.076602297726,24671.491550063813,10438.8822606134,33467.473125950455,0.0,17244.977287024478,1707558.2775279854,False,False,False,,17244.977287024478,7524.233659902518,25636.533277047303,-55481.66537328072,41745.069593350854,16086.848947315053,13657.026147507562,12663.727241873847,13014.417033356656,17815.24418906583,3,8,3,False,8,221
2024-08-09,14094.222023894015,31541.75383054462,16444.426678173248,27235.210171127568,0.0,34845.19236148432,1742403.4698894697,False,False,False,,34845.19236148432,17244.977287024478,26410.145912471296,11119.323080283742,16977.441112861885,17291.855582888344,15351.731096164745,13259.318950161258,14441.785466597827,18257.612699409554,4,8,3,False,9,222
2024-08-10,9281.686794715155,17872.929036761838,7800.61036769726,28963.573328038943,0.0,5991.652871135313,1748395.122760605,False,True,False,,5991.652871135313,34845.19236148432,19750.925585733647,2336.0819392180965,17037.035155946563,15326.245195088582,15612.843305587403,12891.139540667551,14977.723410957406,18290.145614270285,5,8,3,False,10,223
2024-08-11,8546.65782251852,14843.610813977282,4265.652323898478,33471.2893990603,0.0,-5815.368438666017,1742579.754321939,False,True,False,,-5815.368438666017,5991.652871135313,7072.61466845734,-1988.1444784010382,39872.776150885475,13485.104751213816,15339.470165568477,11368.2013876825,16838.002725388622,17863.17525856263,6,8,3,False,11,224
2024-08-12,16827.276303088234,26959.531997965543,10573.535447646209,23000.54160333332,0.0,31359.80214536667,1773939.5564673056,False,False,False,,31359.80214536667,-5815.368438666017,36503.85864186892,17210.83992670365,-10511.597737726759,12750.23953742778,16350.110324044406,12763.914717118949,15742.57286658338,17729.962852104323,0,8,3,False,12,225
2024-08-13,16036.495604010299,29408.544137902445,12500.445593672286,28645.95518198104,0.0,29299.530153603988,1803239.0866209096,False,False,False,,29299.530153603988,31359.80214536667,-1898.8131242528616,5553.078035162907,-1047.9547345915053,17207.14571997876,18046.285475361627,13775.497546725464,15314.523551907963,17780.41904867743,1,8,3,False,13,226
2024-08-14,22744.124409527405,37432.15588699467,19415.98889588188,36688.61835123879,0.0,42903.65084116517,1846142.7374620747,False,False,False,,42903.65084116517,29299.530153603988,7524.233659902518,18722.711653885868,18580.061548917212,22261.348174444847,19773.49541731015,14586.283856467064,17296.168371716205,18545.191765301006,2,8,3,False,14,227
2024-08-15,24724.62239814646,39555.69252440144,11235.27865295663,47972.478135835176,0.0,27543.115439669346,1873685.8529017442,False,False,False,,27543.115439669346,42903.65084116517,17244.977287024478,25636.533277047303,12065.857201131206,23732.51076767983,19909.679857497435,15102.192464418336,17236.23844786635,18687.39393847393,3,8,3,False,15,228
2024-08-16,14371.17388052645,23997.703582832626,11132.375331964615,30815.40723930627,0.0,18685.845556017422,1892371.6984577617,False,False,False,,18685.845556017422,27543.115439669346,34845.19236148432,26410.145912471296,15410.935802120985,21424.032652613132,19357.944117750732,15211.35612288155,16569.053151831813,18698.821482356558,4,8,3,False,16,229
2024-08-17,10717.068057261462,15189.831893105495,5169.819836920408,124769.84880414928,37640.869030334856,-131333.99804719677,1761037.700410565,False,True,True,proveedor_fantasma,-131333.99804719677,18685.845556017422,5991.652871135313,19750.925585733647,7359.054475440229,1806.0825214228369,8566.163858255703,10588.254372126981,60621.79333128279,32648.822080340695,5,8,3,False,17,230
2024-08-18,7517.6605971943945,12519.886660221306,5024.529100359033,34479.37292377775,0.0,-9417.29656600302,1751620.403844562,False,True,False,,-9417.29656600302,-131333.99804719677,-5815.368438666017,7072.61466845734,31831.42791973264,1291.521360374692,7388.313055794249,9213.296889269126,60712.48535966934,32591.862913687277,6,8,3,False,18,231
2024-08-19,14152.604910683074,21527.483080814578,10245.962376680078,32959.4818627234,0.0,12966.568505454336,1764586.9723500162,False,False,False,,12966.568505454336,-9417.29656600302,31359.80214536667,36503.85864186892,27160.6519842973,-1336.0834453270702,5707.078046050349,8740.160773307696,59581.75103538901,32424.93723001605,0,8,3,False,19,232
2024-08-20,17677.141332965995,26838.53309371879,8674.657608812777,20643.587932417726,0.0,32546.744103079833,1797133.7164530961,False,False,False,,32546.744103079833,12966.568505454336,29299.530153603988,-1898.8131242528616,14466.90293437913,-872.1957382590923,8167.474990859827,9342.822145597718,59871.95946088782,32701.883257439273,1,8,3,False,20,233
2024-08-21,20551.99855647498,35270.79326857546,12090.636650931767,29205.33193418733,0.0,38708.096541794876,1835841.812994891,False,False,False,,38708.096541794876,32546.744103079833,42903.65084116517,7524.233659902518,30432.00631836839,-1471.5606381691343,10394.893768137854,9618.691819711936,59379.66725987898,32920.10412786275,2,8,3,False,21,234
2024-08-22,12558.581767122723,22692.612042661898,9608.394644877602,31232.71592704691,0.0,13626.872527615316,1849468.6855225065,False,False,False,,13626.872527615316,38708.096541794876,27543.115439669346,17244.977287024478,-1702.4461375627434,-3459.5953398911374,10136.457713894342,10129.669108551203,58472.37892899614,32857.22973617554,3,8,3,False,22,235
2024-08-23,12821.97510446254,20159.239639591306,10073.65568516973,21989.933043582852,0.0,21064.937385640726,1870533.6229081473,False,False,False,,21064.937385640726,13626.872527615316,18685.845556017422,34845.19236148432,26262.964570190183,-3119.72507851638,9152.15378704837,9956.401535732888,58629.256286240765,32782.84089245702,4,8,3,False,23,236
2024-08-24,7891.837831600045,13119.069509364272,5357.819415849536,28060.281304969525,0.0,-1691.5545481556728,1868842.0683599915,False,True,False,,-1691.5545481556728,21064.937385640726,-131333.99804719677,5991.652871135313,-55481.66537328072,15400.623992775205,8603.353257099014,11749.405229903723,17255.215280146873,30469.7778276639,5,8,3,False,24,237
2024-08-25,10125.935165879238,19116.771318956828,7888.732126718309,30837.909597572336,0.0,6293.529013982039,1875135.5973739736,False,True,False,,6293.529013982039,-1691.5545481556728,-9417.29656600302,-5815.368438666017,11119.323080283742,17645.027647058785,9468.274503716731,11588.545427693667,14248.995812177362,30485.95310825216,6,8,3,False,25,238
2024-08-26,14742.816982115815,23119.892660690155,12132.709065967902,31750.230738841306,0.0,18245.18796993257,1893380.7853439061,False,False,False,,18245.18796993257,6293.529013982039,12966.568505454336,31359.80214536667,2336.0819392180965,18399.116141984246,8531.516348328581,12118.848962050815,14099.024530080827,30457.813065248454,0,8,3,False,26,239
2024-08-27,14023.007406019016,23531.22833403615,11622.3540220895,29386.61275781915,0.0,19789.97700432552,1913170.7623482316,False,False,False,,19789.97700432552,18245.18796993257,32546.744103079833,29299.530153603988,-1988.1444784010382,16576.7208421622,7852.262551951549,12844.786344808368,12722.854768814332,30369.393800117836,1,8,3,False,27,240
2024-08-28,14605.540681503015,23733.51039136987,7520.068975189425,27738.47025401619,0.0,18120.64979404612,1931291.4121422777,False,False,False,,18120.64979404612,19789.97700432552,38708.096541794876,42903.65084116517,17210.83992670365,13635.657021055236,6082.048191443045,12875.11334038645,8399.038955553704,30374.357965837153,2,8,3,False,28,241
2024-08-29,17108.542565330743,28755.94707624357,11032.697690233268,38261.05452774717,0.0,18636.132804060413,1949927.544946338,False,False,False,,18636.132804060413,18120.64979404612,13626.872527615316,27543.115439669346,5553.078035162907,14351.265631975966,5445.835146042407,13311.215166016367,8608.940540337326,30359.523094618755,3,8,3,True,29,242
2024-08-30,12745.567311059032,22007.576220732,8548.447904370501,30990.500243106315,0.0,12311.091193055221,1962238.6361393933,False,False,False,,12311.091193055221,18636.132804060413,21064.937385640726,18685.845556017422,18722.711653885868,13100.716175892321,4990.495548687964,13097.494483988678,8091.404380502317,30342.67751879229,4,8,3,True,30,243
2024-08-31,8976.515784726053,16188.23850186029,4970.284770934787,160000.0,0.0,-129864.96094247887,1832373.6751969145,False,True,True,monto_redondo,-129864.96094247887,12311.091193055221,-1691.5545481556728,-131333.99804719677,25636.533277047303,-5209.770451868134,5095.42677045353,7914.111343337807,55175.902146401946,39902.759664093,5,8,3,True,31,244
2024-09-01,14571.10732418037,24377.720646163492,8909.644511721743,35918.53052888003,0.0,11939.941953185575,1844313.6171501,False,True,False,,11939.941953185575,-129864.96094247887,6293.529013982039,-9417.29656600302,26410.145912471296,-4403.140031981915,6620.943807538429,7431.771211361616,55412.864382666834,39758.669014672385,6,9,3,False,1,245
2024-09-02,12455.603321102844,20464.127384033596,6959.092087511849,38908.074264805095,0.0,970.7485278431923,1845284.3656779432,False,False,False,,970.7485278431923,11939.941953185575,18245.18796993257,12966.568505454336,19750.925585733647,-6870.91709513754,5764.099523423348,6805.765309431934,54615.04018444006,39705.82682882981,0,9,3,False,2,246
2024-09-03,10401.278960507254,20587.233572616253,6158.148772677255,38411.90392522937,0.0,-1265.242619428609,1844019.1230585147,False,False,False,,-1265.242619428609,970.7485278431923,19789.97700432552,32546.744103079833,7072.61466845734,-9878.805612816699,3348.9576146727445,6527.836733169069,53469.780008414324,39733.06643098886,1,9,3,False,3,247
2024-09-04,19897.130910488737,35331.681175518,16044.089110797671,32524.04572343994,0.0,38748.855473364485,1882767.9785318791,False,False,False,,38748.855473364485,-1265.242619428609,18120.64979404612,38708.096541794876,36503.85864186892,-6931.919087199792,3351.8689669277164,6602.669960885588,55788.283093550664,39793.538130385066,2,9,3,False,4,248
2024-09-05,26096.410272840367,39217.69396486591,15707.100605299036,32852.577875176095,0.0,48168.626967829216,1930936.6054997083,False,False,False,,48168.626967829216,38748.855473364485,18636.132804060413,13626.872527615316,-1898.8131242528616,-2712.991349518534,5819.13714122871,8271.584630621657,59064.57570943669,40468.86411206738,3,9,3,False,5,249
2024-09-06,12089.68332301304,21073.560813939697,8274.795722829223,32477.791877716536,0.0,8960.247982065423,1939896.8534817738,False,False,False,,8960.247982065423,48168.626967829216,12311.091193055221,21064.937385640726,7524.233659902518,-3191.683236802791,4954.516469544759,8319.451774693753,58935.95685318143,40468.798921767055,4,9,3,False,6,250
2024-09-07,8273.648066928408,15495.163966267364,6686.727552407821,35113.09808952016,0.0,-4657.5585039165635,1935239.2949778573,False,True,False,,-4657.5585039165635,8960.247982065423,-129864.96094247887,-1691.5545481556728,17244.977287024478,14695.08854013468,4742.659044133266,7589.367248329053,20644.431592231937,40499.780325744294,5,9,3,False,7,251
2024-09-08,11130.614763642503,17638.306556756306,7266.917021774116,31596.99980308914,0.0,4438.838539083783,1939678.133516941,False,True,False,,4438.838539083783,-4657.5585039165635,11939.941953185575,6293.529013982039,34845.19236148432,13623.50233812014,4610.181153069106,6575.822120915701,21002.84539075641,40173.3148707218,6,9,3,False,8,252
2024-09-09,23952.750153726898,37125.80201958014,16371.416540440818,35056.38793854928,0.0,42393.58077519857,1982071.7142921395,False,False,False,,42393.58077519857,4438.838539083783,970.7485278431923,18245.18796993257,5991.652871135313,19541.04980202805,6335.066353445249,7789.219717717809,22617.179110236302,40701.33530505835,0,9,3,False,9,253
2024-09-10,11500.596609863798,23318.202129909703,7873.136390857156,35132.59032084153,0.0,7559.344809789123,1989631.0591019287,False,False,False,,7559.344809789123,42393.58077519857,-1265.242619428609,19789.97700432552,-5815.368438666017,20801.705149059155,5461.4497681212215,8235.043492666313,21481.60233119242,40620.347980329236,1,9,3,False,10,254
2024-09-11,14446.510447616103,24024.75117906271,8958.160849817894,23174.589343645184,12157.531711786567,12097.301421064956,2001728.3605229936,False,False,False,,12097.301421064956,7559.344809789123,38748.855473364485,18120.64979404612,31359.80214536667,16994.340284444937,5031.210598622566,7592.96013518959,20087.10067557271,40393.82074357988,2,9,3,False,11,255
2024-09-12,20267.14888992713,31256.381317705793,12875.573311064298,23737.712953791397,0.0,40661.39056490583,2042389.7510878993,False,False,False,,40661.39056490583,12097.301421064956,48168.626967829216,18636.132804060413,29299.530153603988,15921.877941170167,6604.44329582581,7971.688815566318,18262.856529576628,40656.76544641949,3,9,3,False,12,256
2024-09-13,17704.80000723448,29844.206430258302,10029.87667061846,39024.06980154325,0.0,18554.813306567994,2060944.5643944673,False,False,False,,18554.813306567994,40661.39056490583,8960.247982065423,12311.091193055221,42903.65084116517,17292.530130384817,7050.423446791007,7160.060897746413,18011.611147181626,40175.56431683771,4,9,3,False,13,257
2024-09-14,10451.984968292956,16642.729585759647,6336.699688442972,28364.82250957692,0.0,5066.5917329186595,2066011.156127386,False,True,False,,5066.5917329186595,18554.813306567994,-4657.5585039165635,-129864.96094247887,27543.115439669346,18681.69444993271,16688.391495033688,6410.843440854723,16333.33785442972,39991.49779203862,5,9,3,False,14,258
2024-09-15,9655.754179765248,17575.523900543416,8278.964985804423,39893.490229520605,0.0,-4383.247163407519,2061627.9089639785,False,True,False,,-4383.247163407519,5066.5917329186595,4438.838539083783,11939.941953185575,18685.845556017422,17421.39649243395,15522.449415277038,5641.873683540559,17882.401420295602,39969.11491013346,6,9,3,False,15,259
2024-09-16,11952.900449890018,19929.717737471674,7100.061164615338,24795.989533224656,0.0,14186.689818752373,2075814.598782731,True,False,False,,14186.689818752373,-4383.247163407519,42393.58077519857,970.7485278431923,-131333.99804719677,13391.840641513065,16466.44522177055,10492.563279072196,14094.170072894842,30475.045197617095,0,9,3,False,16,260
2024-09-17,14752.50530437565,23797.039123352817,11637.989210729369,33989.2182360117,0.0,16198.31540244614,2092012.914185177,False,False,False,,16198.31540244614,14186.689818752373,7559.344809789123,-1265.242619428609,-9417.29656600302,14625.979297606926,17713.84222333303,11346.417011353835,13874.85967293321,30256.036226743392,1,9,3,False,17,261
2024-09-18,13780.077160297698,24065.31027008626,9615.789031769807,29211.5105160896,0.0,18249.66594606416,2110262.580131241,False,False,False,,18249.66594606416,16198.31540244614,12097.301421064956,38748.855473364485,12966.568505454336,15504.888515463956,16249.61439995444,11522.520259374163,13882.842581713263,30281.155913821643,2,9,3,False,18,262
2024-09-19,16750.208402781795,28404.651535740253,7616.475908220346,35610.34311099868,0.0,17160.99273574371,2127423.5728669846,False,False,False,,17160.99273574371,18249.66594606416,40661.39056490583,48168.626967829216,32546.744103079833,12147.688825583651,14034.783383376902,11009.661880462958,8635.174833324769,30042.14704490897,3,9,3,False,19,263
2024-09-20,17015.999559405165,78820.06868926052,8316.882044100268,43188.17212160091,0.0,60964.77817116504,2188388.3510381496,False,False,True,monto_atipico,60964.77817116504,17160.99273574371,18554.813306567994,8960.247982065423,38708.096541794876,18206.2552348118,17749.392682598304,11751.551268108631,20544.710778880002,31009.000772297746,4,9,3,False,20,264
2024-09-21,12600.867737963094,18475.30413341631,6438.982602995867,27782.003307693114,0.0,9733.151166682153,2198121.5022048317,False,True,False,,9733.151166682153,60964.77817116504,5066.5917329186595,-4657.5585039165635,13626.872527615316,18872.9065824923,18777.300516212497,11621.760556077526,20118.57604884017,31009.02954050292,5,9,3,False,21,265
2024-09-22,12654.450566170837,18997.718385183704,7129.93214918019,32149.860023900874,0.0,6632.241076633858,2204753.7432814655,False,True,False,,6632.241076633858,9733.151166682153,-4383.247163407519,4438.838539083783,21064.937385640726,20446.547759641067,18933.9721260375,11140.67067911063,18349.356902855605,30969.404128512924,6,9,3,False,22,266
2024-09-23,17593.922082070738,29054.455293863903,12430.22570838866,31595.549510079603,0.0,27483.05357424369,2232236.796855709,False,False,False,,27483.05357424369,6632.241076633858,14186.689818752373,42393.58077519857,-1691.5545481556728,22346.028296139826,17868.93446882644,12113.157616523942,18281.428650269263,31010.59402920685,0,9,3,False,23,267
2024-09-24,21026.162216306722,33890.684479171985,13560.146283731638,30444.292112733998,107968.55634934637,-69935.85548287003,2162300.941372839,False,False,False,,-69935.85548287003,27483.05357424369,16198.31540244614,7559.344809789123,6293.529013982039,10041.146741094663,12333.563019350786,9572.17813329554,39630.67988810956,34437.61300289188,1,9,3,False,24,268
2024-09-25,17678.061568542795,27606.871441767784,10776.017608278662,33955.66127670653,0.0,22105.289341882708,2184406.2307147216,False,False,False,,22105.289341882708,-69935.85548287003,18249.66594606416,12097.301421064956,18245.18796993257,10591.950083354455,13048.419299409199,9700.84817902721,39790.25171501129,34478.322819183886,2,9,3,False,25,269
2024-09-26,15465.611726394107,26506.639328752397,9166.660801619933,33178.5353243613,58150.38615302025,-40190.009620615114,2144216.2210941063,False,False,False,,-40190.009620615114,22105.289341882708,17160.99273574371,40661.39056490583,19789.97700432552,2398.9497467317656,7273.319286157703,7701.515291529189,43903.99206917129,35594.10780373413,3,9,3,False,26,270
2024-09-27,15333.386026237653,23578.365374121346,11757.817683560736,35630.7346890629,0.0,15038.834394856836,2159255.055488963,False,False,False,,15038.834394856836,-40190.009620615114,60964.77817116504,18554.813306567994,18120.64979404612,-4161.899364169406,7022.1779353211905,7598.788111556214,36500.82271936892,35567.43769508019,4,9,3,False,27,271
2024-09-28,13174.694282992597,21532.435533549065,6922.356479136245,33053.14850096648,0.0,8576.337794711428,2167831.3932836745,False,True,False,,8576.337794711428,15038.834394856836,9733.151166682153,5066.5917329186595,18636.132804060413,-4327.158417308082,7272.874082592104,7263.461611244582,36429.97721182208,35507.16072087164,5,9,3,True,28,272
2024-09-29,11508.652363961673,18964.727205586845,8041.010641107927,28281.357681985315,0.0,10233.032528671127,2178064.4258123455,False,True,False,,10233.032528671127,8576.337794711428,6632.241076633858,-4383.247163407519,12311.091193055221,-3812.7596384456147,8316.89406059772,7194.192989098445,36635.360692262315,35499.0001093059,6,9,3,True,29,273
2024-09-30,23900.803561750487,42501.69149351381,17338.25235934681,46630.714722086836,0.0,37110.03269252427,2215174.4585048696,False,False,False,,37110.03269252427,10233.032528671127,27483.05357424369,14186.689818752373,-129864.96094247887,-2437.476907262674,9954.275694438571,12760.026110265217,38155.17681717269,24723.004848057713,0,9,3,True,30,274
2024-10-01,24140.24844354575,39511.80135930748,19102.068551970435,27981.87994914261,0.0,54772.23840568106,2269946.696910551,True,False,False,,54772.23840568106,37110.03269252427,-69935.85548287003,16198.31540244614,11939.941953185575,15377.965076816052,12709.555908955352,14187.7693253484,29524.271687132867,25883.5469083057,1,10,4,False,1,275
2024-10-02,20352.81110682763,34275.59976089728,10463.465109172977,35483.03528435346,4692.643077418523,24916.197615125915,2294862.894525677,False,False,False,,24916.197615125915,54772.23840568106,22105.289341882708,18249.66594606416,970.7485278431923,15779.52340156508,13185.736742459761,14985.950961591156,29649.867780773504,25831.068391506262,2,10,4,False,2,276
2024-10-03,13996.475295104316,24484.87273135286,8164.261364416788,39133.79002299669,0.0,7511.819367877273,2302374.713893554,False,False,False,,7511.819367877273,24916.197615125915,-40190.009620615114,17160.99273574371,-1265.242619428609,22594.070399921136,12496.510073326444,15278.519694501354,17726.570942242895,25689.976704679055,3,10,4,False,3,277
2024-10-04,15675.214491324376,26526.504540139067,8890.197294848895,44230.89823240337,0.0,6861.018093908962,2309235.7319874633,False,False,False,,6861.018093908962,7511.819367877273,15038.834394856836,60964.77817116504,38748.855473364485,21425.810928357158,8631.955782093868,14215.591781852834,18557.484728286065,25342.73710057734,4,10,4,False,4,278
2024-10-05,18030.197642394352,27022.42959513152,12478.025172437578,47894.72788690472,0.0,9635.924523058726,2318871.656510522,False,True,False,,9635.924523058726,6861.018093908962,8576.337794711428,9733.151166682153,48168.626967829216,21577.1804609782,8625.011021835051,12931.168367027152,18439.14996745213,24525.882062471053,5,10,4,False,5,279
2024-10-06,12785.668460208535,22580.44436205245,8345.100385352203,35422.92770387515,0.0,8288.285503738036,2327159.94201426,False,True,False,,8288.285503738036,9635.924523058726,10233.032528671127,6632.241076633858,8960.247982065423,21299.359457416325,8743.29990948535,12908.769617749573,18651.98047767535,24529.940142738997,6,10,4,False,6,280
2024-10-07,20636.599843022614,33273.77324023678,11576.663007788407,36521.01706350598,0.0,28966.019027541814,2356125.961041802,False,False,False,,28966.019027541814,8288.285503738036,37110.03269252427,27483.05357424369,-4657.5585039165635,20135.928933847405,8849.226013292358,14029.55553546485,17732.754726645122,24467.70953128602,0,10,4,False,7,281
2024-10-08,13324.460274928551,20269.54446105137,9726.746436582793,31478.335008341444,0.0,11842.416164221268,2367968.3772060233,False,False,False,,11842.416164221268,28966.019027541814,54772.23840568106,-69935.85548287003,4438.838539083783,14003.097185067436,14690.531130941736,14276.341456302767,9060.266594601759,24404.896420042438,1,10,4,False,8,282
2024-10-09,21129.862237940317,38338.24843125793,17282.980221725837,28762.264805905616,0.0,47988.82608501847,2415957.203291042,False,False,False,,47988.82608501847,11842.416164221268,24916.197615125915,22105.289341882708,42393.58077519857,17299.186966480658,16539.355184022865,14462.849633296764,15558.572864747846,24647.360509756883,2,10,4,False,9,283
2024-10-10,20350.32792848893,31393.201936141355,10140.519199456965,39470.30485681588,0.0,22413.744207271367,2438370.947498313,False,False,False,,22413.744207271367,47988.82608501847,7511.819367877273,-40190.009620615114,7559.344809789123,19428.033372108384,21011.051886014757,14957.996279879506,15005.873070533993,24653.09819130201,3,10,4,False,10,284
2024-10-11,15210.068164932989,26808.93880915975,10432.197919289096,90000.0,0.0,-37548.79510661816,2400822.152391695,False,False,True,monto_redondo,-37548.79510661816,22413.744207271367,6861.018093908962,15038.834394856836,12097.301421064956,13083.774343461653,17254.792635909394,13303.126395623402,26324.06728891399,26452.36707945759,4,10,4,False,11,285
2024-10-12,10314.13259519146,19459.233228008925,8871.093843000239,26016.930179120394,0.0,12627.529487080228,2413449.6818787754,False,True,False,,12627.529487080228,-37548.79510661816,9635.924523058726,8576.337794711428,40661.39056490583,13511.14648117901,17544.1634710786,12368.664359695882,26283.01439511797,25942.83452530521,5,10,4,False,12,286
2024-10-13,13921.78957727554,25231.12180418671,10728.253731319426,30648.11374760173,0.0,19233.051365179952,2432682.7332439553,False,True,False,,19233.051365179952,12627.529487080228,8288.285503738036,10233.032528671127,18554.813306567994,15074.684461384999,18187.021959400656,12391.272294982948,26246.04870504931,25948.706212927405,6,10,4,False,13,287
2024-10-14,17852.570161661908,33809.53799802848,12193.059722546637,25904.38137686789,0.0,37950.78650536913,2470633.5197493243,False,False,False,,37950.78650536913,19233.051365179952,28966.019027541814,37110.03269252427,5066.5917329186595,16358.222672503185,18247.07580317529,13487.412120731295,27239.508720756425,26320.51606730372,0,10,4,False,14,288
2024-10-15,19040.7720507041,33175.53704046655,11032.936209182766,60092.43465734413,0.0,3156.8106430092885,2473790.3303923337,False,False,False,,3156.8106430092885,37950.78650536913,11842.416164221268,54772.23840568106,-4383.247163407519,15117.421883758618,14560.25953441302,13738.74738094519,27673.852511771747,26179.607223336847,1,10,4,False,15,289
2024-10-16,16872.084403237277,25358.21852498731,15055.834257846103,28315.270577754512,0.0,28970.866608316173,2502761.1970006498,False,False,False,,28970.866608316173,3156.8106430092885,47988.82608501847,24916.197615125915,14186.689818752373,12400.570529944005,14849.878748212324,14231.553273930649,24680.533572981727,26327.06374067539,2,10,4,False,16,290
2024-10-17,17769.63747834842,29911.692203872284,12911.433897701127,41187.25704486519,0.0,19405.506535056644,2522166.7035357063,False,False,False,,19405.506535056644,28970.866608316173,22413.744207271367,7511.819367877273,16198.31540244614,11970.822291056187,15699.427831582278,14338.459645017665,24502.670334693732,26341.833152293464,3,10,4,False,17,291
2024-10-18,21272.041224980087,33822.57666287893,12999.002822665887,33418.56508484961,0.0,34675.0556256753,2556841.7591613815,False,False,False,,34675.0556256753,19405.506535056644,-37548.79510661816,6861.018093908962,18249.66594606416,22288.515252812394,17686.14479813702,14885.972634338037,12385.416887838619,26595.410239247118,4,10,4,False,18,292
2024-10-19,17072.59690759935,25873.877112426297,12701.2952923318,35192.98446707637,0.0,20454.78484528108,2577296.5440066624,False,True,False,,20454.78484528108,34675.0556256753,12627.529487080228,9635.924523058726,17160.99273574371,23406.69458969823,18458.920535438614,14995.76570465595,11702.328507246646,26611.919707770514,5,10,4,False,19,293
2024-10-20,8017.70030894097,13136.393993925723,5020.0871069087525,30869.914488144226,0.0,-4695.733078368779,2572600.8109282935,False,True,False,,-4695.733078368779,20454.78484528108,19233.051365179952,8288.285503738036,60964.77817116504,19988.296812048415,17531.4906367167,12807.081996338155,15875.5367072465,25372.0785791539,6,10,4,False,20,294
2024-10-21,19887.39462075257,33875.74401428259,10765.14172779527,40919.38591437348,0.0,23608.894448456944,2596209.7053767503,False,False,False,,23608.894448456944,-4695.733078368779,37950.78650536913,28966.019027541814,9733.151166682153,17939.45508963239,17148.83888106778,13269.606772397316,13983.737095261235,25440.492430326314,0,10,4,False,21,295
2024-10-22,19715.86842185891,30191.471296762276,13219.256078023385,42131.243652816156,0.0,20995.352143828415,2617205.0575205786,False,False,False,,20995.352143828415,23608.894448456944,3156.8106430092885,11842.416164221268,6632.241076633858,20487.818161177976,17802.62002246829,13748.377141303801,12373.50845190346,25446.42572557424,1,10,4,False,22,296
2024-10-23,15512.74847002449,30486.797427692287,14164.479571933723,43563.02211179491,0.0,16601.00335785559,2633806.060878434,False,False,False,,16601.00335785559,20995.352143828415,28970.866608316173,47988.82608501847,27483.05357424369,18720.694839683605,15560.6326848138,13385.642134090862,11831.514505627225,25321.14131208987,2,10,4,False,23,297
2024-10-24,18501.541950578565,30446.006102149324,14259.940219600252,31250.446937628967,0.0,31957.041334699166,2665763.1022131336,False,False,False,,31957.041334699166,16601.00335785559,19405.506535056644,22413.744207271367,-69935.85548287003,20513.771239632537,16242.296765344357,16782.072028009836,12859.072372108985,20043.0558492116,3,10,4,False,24,298
2024-10-25,12329.964149017393,23398.54662760706,12361.060936495722,31904.22789462962,0.0,16185.343818490546,2681948.446031624,False,False,False,,16185.343818490546,31957.041334699166,34675.0556256753,-37548.79510661816,22105.289341882708,17872.383838606143,20080.449545709263,16584.74051056343,11265.65037542904,20017.96589240554,4,10,4,False,25,299
2024-10-26,15059.118543706158,26517.99815952539,8499.561020256593,44436.4912535883,0.0,5640.18646989984,2687588.632501524,False,True,False,,5640.18646989984,16185.343818490546,20454.78484528108,12627.529487080228,-40190.009620615114,15756.01264212311,19581.353615910662,18112.413713580594,12062.98704375644,17067.055625355697,5,10,4,False,26,300
2024-10-27,20134.36841009827,32839.15294013253,14161.775747878672,37635.969540535625,0.0,29499.327557573844,2717087.960059098,False,True,False,,29499.327557573844,5640.18646989984,-4695.733078368779,19233.051365179952,15038.834394856836,20641.02130440063,20314.659058224515,18594.43015233783,8913.057583707596,17181.07616305043,6,10,4,False,27,301
2024-10-28,15167.614185336595,24069.068493611838,8027.608481923656,36066.72969254387,0.0,11197.561468328218,2728285.5215274263,False,False,False,,11197.561468328218,29499.327557573844,23608.894448456944,37950.78650536913,8576.337794711428,18867.97373581081,18403.71441272159,18681.804274791724,9442.989920710583,17134.975755615065,0,10,4,False,28,302
2024-10-29,24118.327436289368,34460.10214625243,15917.716213580019,33929.37618802107,0.0,40566.76960810074,2768852.291135527,False,False,False,,40566.76960810074,11197.561468328218,20995.352143828415,3156.8106430092885,10233.032528671127,21663.890516421143,21075.854338799552,19692.92884410604,12560.601768781948,17510.10861444673,1,10,4,True,29,303
2024-10-30,19883.459375860824,35132.78321084328,10377.934834037658,22291.228163451153,0.0,43102.94925729061,2811955.2403928176,False,False,False,,43102.94925729061,40566.76960810074,16601.00335785559,28970.866608316173,37110.03269252427,25449.882787769,22085.288813726296,19892.692729598257,14607.51263178594,17748.22923462842,2,10,4,True,30,304
2024-10-31,19025.481517216995,33594.132482127075,12987.128412560687,43986.11106225364,0.0,21620.63134965112,2833575.871742469,False,False,False,,21620.63134965112,43102.94925729061,31957.041334699166,19405.506535056644,54772.23840568106,23973.252789904996,22243.51201476876,18787.639161063926,14360.440759798035,16489.03329552545,3,10,4,True,31,305
2024-11-01,13527.99455880396,21680.821055180488,8471.693941204736,29788.620399327217,0.0,13891.889155861969,2847467.7608983307,False,False,False,,13891.889155861969,21620.63134965112,16185.343818490546,34675.0556256753,24916.197615125915,23645.616409529484,20759.000124067807,18420.16221242179,14592.032645046183,16470.5759710885,4,11,4,False,1,306
2024-11-02,11601.791836093858,20503.073384146755,7978.488181670402,37458.556465693815,0.0,2624.7969362172007,2850092.557834548,True,True,False,,2624.7969362172007,13891.889155861969,5640.18646989984,20454.78484528108,7511.819367877273,23214.84647614625,19485.429559134674,18257.261464699794,15242.183270749443,16605.79648771299,5,11,4,False,2,307
2024-11-03,16263.71323198109,25579.970392062136,12373.727546288479,39651.721602994,0.0,14565.6895673377,2864658.2474018857,False,True,False,,14565.6895673377,2624.7969362172007,29499.327557573844,-4695.733078368779,6861.018093908962,21081.469620398235,20861.245462399424,18514.083847147413,15261.056321372189,16482.588975551527,6,11,4,False,3,308
2024-11-04,21024.531459879334,34434.55193705562,10299.555973520673,33152.22532234878,0.0,32606.414048106846,2897264.6614499926,False,False,False,,32606.414048106846,14565.6895673377,11197.561468328218,23608.894448456944,9635.924523058726,24139.87713179518,21503.92543380299,19279.766831315686,15094.451234517697,16589.132696784105,0,11,4,False,4,309
2024-11-05,22484.814339917357,38417.590128505566,16941.586506174248,30803.327787062408,0.0,47040.66318753476,2944305.324637527,False,False,False,,47040.66318753476,32606.414048106846,40566.76960810074,20995.352143828415,8288.285503738036,25064.719071714324,23364.304794067728,20571.51275410891,16409.70559188076,17201.219748418902,1,11,4,False,5,310
2024-11-06,24562.698451619,38533.93310281561,14605.50010422913,35095.5604491436,0.0,42606.57120952014,2986911.895847047,False,False,False,,42606.57120952014,47040.66318753476,43102.94925729061,16601.00335785559,28966.019027541814,24993.80792203283,25221.845354900906,21026.19782684152,16319.590758410472,17606.27902714237,2,11,4,False,6,311
2024-11-07,20530.19767969693,32094.67839687127,12852.166951416144,29900.193731408606,0.0,35576.84929657573,3022488.745143623,False,False,False,,35576.84929657573,42606.57120952014,21620.63134965112,31957.041334699166,11842.416164221268,26987.553343022057,25480.403066463517,21817.345597920004,16687.178481560793,17712.31107310503,3,11,4,False,7,312
2024-11-08,29030.640538384385,50473.39434762132,23843.10016676201,31854.451662290325,0.0,71492.68339047738,3093981.4285341003,False,False,False,,71492.68339047738,35576.84929657573,13891.889155861969,16185.343818490546,47988.82608501847,35216.238233681404,29430.92732160544,22600.807508101967,22383.040264459472,19353.63403453591,4,11,4,False,8,313
2024-11-09,15470.252498617194,24884.54218113998,8068.753061458478,33584.41940412374,0.0,14839.128337091905,3108820.556871192,False,True,False,,14839.128337091905,71492.68339047738,2624.7969362172007,5640.18646989984,22413.744207271367,36961.14271952065,30087.99459783344,22348.32031242932,19738.771783477318,19405.498276391056,5,11,4,False,9,314
2024-11-10,16409.253968211156,26399.26351128445,9455.025595726642,30471.17137427976,0.0,21792.371700942494,3130612.9285721346,False,True,False,,21792.371700942494,14839.128337091905,14565.6895673377,29499.327557573844,-37548.79510661816,37993.525881464186,29537.497750931205,24326.35920601467,18523.810157435153,15774.152848661675,6,11,4,False,10,315
2024-11-11,18046.379883835976,30653.122992168184,11049.101435864757,26967.50548724595,0.0,32781.09882462297,3163394.0273967576,False,False,False,,32781.09882462297,21792.371700942494,32606.414048106846,11197.561468328218,12627.529487080228,38018.48084953792,31079.178990666544,24998.14485059943,18515.458942718455,15687.656218596301,0,11,4,False,11,316
2024-11-12,18645.286431512264,32727.824649591403,14105.572805787511,23520.46618295255,0.0,41958.21770393862,3205352.245100696,False,False,False,,41958.21770393862,32781.09882462297,47040.66318753476,40566.76960810074,19233.051365179952,37292.417209024185,31178.56814036925,25755.650395224722,18199.656098528736,15946.21077046188,1,11,4,False,12,317
2024-11-13,15749.778705897132,28416.173210050914,11523.207853249816,27926.173629961086,0.0,27762.986139236782,3233115.231239933,False,False,False,,27762.986139236782,41958.21770393862,42606.57120952014,43102.94925729061,37950.78650536913,35171.90505612657,30082.856489079688,25416.057049686977,18341.477193631476,15785.213337256237,2,11,4,False,13,318
2024-11-14,23260.29470640091,39534.745021630275,17621.74915580862,27255.244915551077,0.0,53161.54396828873,3286276.7752082217,False,False,False,,53161.54396828873,27762.986139236782,35576.84929657573,21620.63134965112,3156.8106430092885,37684.00429494271,32335.778818982373,27082.881493862955,19569.30991850719,15992.460211530397,3,11,4,False,14,319
2024-11-15,15595.542117187968,27322.4930866846,7252.295605507613,49841.73239135615,0.0,328.5984180240339,3286605.3736262457,False,False,False,,328.5984180240339,53161.54396828873,71492.68339047738,13891.889155861969,28970.866608316173,27517.706441735085,31366.972337708234,26128.13922085322,17448.36012296021,16714.525910301094,4,11,4,False,15,320
2024-11-16,13968.368575911576,23305.258392846852,12455.779795184502,30468.33734394403,75117.80368118506,-55856.73426118617,3230748.6393650593,False,True,False,,-55856.73426118617,328.5984180240339,14839.128337091905,2624.7969362172007,19405.506535056644,17418.29749912393,27189.720109322283,23619.397860978454,36293.333223246795,22429.504974854106,5,11,4,False,16,321
2024-11-17,23260.29470640091,39534.745021630275,17621.74915580862,27255.244915551077,0.0,53161.54396828873,3283910.183333348,False,True,True,duplicado,53161.54396828873,-55856.73426118617,21792.371700942494,14565.6895673377,34675.0556256753,21899.607823030536,29946.56685224736,24235.614139065572,38775.22483541125,22990.640720974752,6,11,4,False,17,322
2024-11-18,23132.203596649106,44333.258131002956,16601.236044739355,38261.24337092534,0.0,45805.45440146608,3329715.637734814,True,False,False,,45805.45440146608,53161.54396828873,32781.09882462297,32606.414048106846,20454.78484528108,23760.230048293837,30889.355448915874,25080.636457605073,39686.180665688735,23310.54128818649,0,11,4,False,18,323
2024-11-19,22962.853013070315,37476.74359576952,17158.941692438937,49270.54168297204,0.0,28327.996618306737,3358043.634353121,False,False,False,,28327.996618306737,45805.45440146608,41958.21770393862,47040.66318753476,-4695.733078368779,21813.05560748928,29552.736408256726,26181.427447494254,38972.45808170343,22625.60318149435,1,11,4,False,19,324
2024-11-20,26402.692142857995,47580.60148659142,13387.016293445206,26797.707714668202,0.0,60572.602208226424,3418616.2365613473,False,False,False,,60572.602208226424,28327.996618306737,27762.986139236782,42606.57120952014,23608.894448456944,26500.143617344944,30836.024336735747,27413.551039486574,41685.79725129802,23471.340395940202,2,11,4,False,20,325
2024-11-21,24558.7056287395,36595.633751372974,9234.088291478738,30327.256603679052,0.0,40061.17106791216,3458677.4076292594,False,False,False,,40061.17106791216,60572.602208226424,53161.54396828873,35576.84929657573,20995.352143828415,24628.661774434007,31156.33303468835,28049.07833695603,40568.436502781464,23549.553730616837,3,11,4,False,21,326
2024-11-22,13185.589485182012,25137.833979492792,10072.286043654422,22874.95176418214,0.0,25520.75774414709,3484198.1653734064,False,False,False,,25520.75774414709,40061.17106791216,328.5984180240339,71492.68339047738,16601.00335785559,28227.54167816587,27872.624059950474,28346.403483165745,39145.93942723501,23456.15488923149,4,11,4,False,22,327
2024-11-23,13967.917525353492,21223.229758567748,7207.787797672075,27133.969620906173,0.0,15264.96546068714,3499463.1308340933,False,True,False,,15264.96546068714,25520.75774414709,-55856.73426118617,14839.128337091905,31957.041334699166,38387.78449557634,27903.04099735013,27790.000954032013,16174.448084515803,23565.275933800945,5,11,4,False,23,328
2024-11-24,12017.50252278965,19658.755452819754,7985.879076371882,29380.48165526552,0.0,10281.655396715763,3509744.786230809,False,True,False,,10281.655396715763,15264.96546068714,53161.54396828873,21792.371700942494,16185.343818490546,32262.08612820878,27080.84697561965,27593.211339972855,17695.092943057447,23689.847219783645,6,11,4,False,24,329
2024-11-25,80016.84026928399,27937.556774601777,11042.044057239718,30515.291533526488,0.0,88481.149567599,3598225.935798408,False,False,True,madrugada,88481.149567599,10281.655396715763,45805.45440146608,32781.09882462297,5640.18646989984,38358.614009084915,31059.422028689372,30354.576776562826,27675.755304302184,25778.705811417967,0,11,4,False,25,330
2024-11-26,26818.67505159148,45040.66141030998,16836.449629388113,32240.67581186742,0.0,56455.11027942215,3654681.0460778303,False,False,False,,56455.11027942215,88481.149567599,28327.996618306737,41958.21770393862,29499.327557573844,42376.77310352997,32094.91435550962,31253.102867291098,28016.469157877815,26213.96998566638,1,11,4,False,26,331
2024-11-27,23060.72839083492,39419.964694172515,12174.976329835752,28704.648027641077,0.0,45951.02138720211,3700632.0674650325,False,False,False,,45951.02138720211,56455.11027942215,60572.602208226424,27762.986139236782,11197.561468328218,40287.97584338364,33394.059730364286,32411.551531253564,26958.860016928145,26064.60039493019,2,11,4,False,27,332
2024-11-28,15611.632129595071,26479.393497473106,10486.439687849632,22541.025113941098,0.0,30036.440200976715,3730668.507666009,False,False,False,,30036.440200976715,45951.02138720211,40061.17106791216,53161.54396828873,40566.76960810074,38855.871433821434,31742.266604127715,32060.5405510161,27237.73999990978,26021.858006615497,3,11,4,True,28,333
2024-11-29,18369.869101941058,26893.295122945816,10558.56021181927,29258.790770991745,0.0,26562.933665714398,3757231.4413317232,False,False,False,,26562.933665714398,30036.440200976715,25520.75774414709,328.5984180240339,43102.94925729061,39004.753708331045,33616.14769324845,31509.206697963553,27155.425431358653,25954.964677089913,4,11,4,True,29,334
2024-11-30,13380.124453094822,23758.6112319204,8861.53215156811,45521.87735285979,0.0,478.39048372353864,3757709.8318154467,False,True,False,,478.39048372353864,26562.933665714398,15264.96546068714,-55856.73426118617,21620.63134965112,36892.38585447911,37640.085175027714,30804.465335765974,29760.07172305982,26513.739685468932,5,11,4,True,30,335
2024-12-01,10358.516813369022,16643.985346670554,5102.525717600958,33760.64706160663,0.0,-1655.6191839660933,3756054.212631481,False,True,False,,-1655.6191839660933,478.39048372353864,10281.655396715763,53161.54396828873,13891.889155861969,35187.0609143817,33724.57352129523,30286.215057771704,31810.45949227765,27003.152896769716,6,12,4,False,1,336
2024-12-02,16132.190265300094,28829.509097237034,11225.96718058877,29569.75883559617,0.0,26617.907707529725,3782672.1203390104,False,False,False,,26617.907707529725,-1655.6191839660933,88481.149567599,45805.45440146608,2624.7969362172007,26349.454934371803,32354.034471728348,31085.985416815452,21439.37010797032,26506.376052804262,0,12,4,False,2,337
2024-12-03,18567.126730252414,31996.51935336527,11576.379770097705,45358.22529629878,0.0,16781.80055741661,3799453.920896427,False,False,False,,16781.80055741661,26617.907707529725,56455.11027942215,28327.996618306737,14565.6895673377,20681.839259799577,31529.30618166477,31159.855783151415,16922.45056248503,26461.79874821144,1,12,4,False,3,338
2024-12-04,19676.986072482057,34936.26468159047,16024.791921916945,37863.656291952095,0.0,32774.38638403738,3832228.307280464,False,False,False,,32774.38638403738,16781.80055741661,45951.02138720211,60572.602208226424,32606.414048106846,18799.46283077605,29543.719337079838,31165.45486101577,14148.679217856152,26462.133149928362,2,12,4,False,4,339
2024-12-05,20580.419311212165,32053.75191582325,13947.477832864568,32596.317851807464,0.0,33985.33120809252,3866213.6384885567,False,False,False,,33985.33120809252,32774.38638403738,30036.440200976715,40061.17106791216,47040.66318753476,19363.59011750688,29109.73077566415,30730.277128367692,14737.842461071126,26298.904073091395,3,12,4,False,5,340
2024-12-06,13589.556276031863,19941.503900643405,7786.824257977147,33647.990923843005,0.0,7669.893510809408,3873883.5319993664,False,False,False,,7669.893510809408,33985.33120809252,26562.933665714398,25520.75774414709,42606.57120952014,16664.584381091878,27834.669044711456,29565.721205077334,14928.404533483968,26527.40126896575,4,12,4,False,6,341
2024-12-07,12487.975312847577,19552.55125467944,9801.84219544215,21366.687627939802,0.0,20475.68113502937,3894359.213134396,False,True,False,,20475.68113502937,7669.893510809408,478.39048372353864,15264.96546068714,35576.84929657573,19521.34018842128,28206.863021450183,29062.34893302579,13118.35724521028,26552.66801496253,5,12,4,False,7,342
2024-12-08,12491.986127453225,21296.84372747695,8404.947323293354,32529.962459395923,0.0,9663.814718827605,3904023.0278532235,False,True,False,,9663.814718827605,20475.68113502937,-1655.6191839660933,10281.655396715763,71492.68339047738,21138.402174534665,28162.731544458173,27001.386643970796,10511.50762048574,25525.392403652397,6,12,4,False,8,343
2024-12-09,19884.479517468113,35681.59776349566,16036.122905303182,36458.21073367187,0.0,35143.98945259509,3939167.0173058184,False,False,False,,35143.98945259509,9663.814718827605,26617.907707529725,88481.149567599,14839.128337091905,22356.413852401147,24352.93439338647,27678.2153478209,11681.162768309852,25460.898082595904,0,12,4,False,9,344
2024-12-10,25130.349883169612,41785.52100746557,18152.329615054823,175202.88218122558,0.0,-90134.68167553557,3849032.3356302828,False,False,True,proveedor_fantasma,-90134.68167553557,35143.98945259509,16781.80055741661,56455.11027942215,21792.371700942494,7082.630676265124,13882.234968032348,23947.313568604968,44363.73983676297,33335.8610420409,1,12,4,False,10,345
2024-12-11,11409.409903917454,18759.567488074128,12380.566953557025,42417.135177739634,0.0,132.40916780897533,3849164.7447980917,False,False,False,,132.40916780897533,-90134.68167553557,32774.38638403738,45951.02138720211,32781.09882462297,2419.491073946778,10609.476952361405,22859.023913377834,42904.68825361188,33569.63528890507,2,12,4,False,11,346
2024-12-12,15578.565229859072,26267.44581566348,13447.629540438815,36125.97923694985,0.0,19167.66134901152,3868332.4061471033,True,False,False,,19167.66134901152,132.40916780897533,33985.33120809252,30036.440200976715,41958.21770393862,302.68109407806435,9833.135605792462,22099.338701546934,41427.86179531383,33379.854183981886,3,12,4,False,12,347
2024-12-13,23200.018450703654,39798.54863825937,13183.032824670434,40883.20256971222,0.0,35298.397343921235,3903630.8034910243,False,False,False,,35298.397343921235,19167.66134901152,7669.893510809408,26562.933665714398,27762.986139236782,4249.61021309404,10457.097297092954,22350.519075036413,43510.50254122998,33452.215428061936,4,12,4,False,13,348
2024-12-14,9834.977312226689,14666.196311861277,5632.319109369356,39106.06393468366,0.0,-8972.57120122634,3894658.232289798,False,True,False,,-8972.57120122634,35298.397343921235,20475.68113502937,478.39048372353864,53161.54396828873,42.71702220036708,9782.028605310818,20279.381902719244,43101.89098692905,33402.250207188015,5,12,4,False,14,349
2024-12-15,20852.651280796752,29694.49790052881,7997.4192537441595,45948.270142035195,0.0,12596.298293034532,3907254.5305828326,False,True,False,,12596.298293034532,-8972.57120122634,9663.814718827605,-1655.6191839660933,328.5984180240339,461.64324708707085,10800.022710810865,20688.30523188626,43225.06299871407,33224.20114585683,6,12,4,False,15,350
2024-12-16,19702.775535426208,32273.338987601972,16372.62743616743,33763.63794628415,0.0,34585.10401291146,3941839.6345957443,False,False,False,,34585.10401291146,12596.298293034532,35143.98945259509,26617.907707529725,-55856.73426118617,381.8024699894101,11369.108161195272,23703.03317435618,43150.77682175805,29984.420736374188,0,12,4,False,16,351
2024-12-17,22784.789540675138,36652.83471563949,9878.997051213948,38021.81774517482,0.0,31294.803562353758,3973134.438158098,False,False,False,,31294.803562353758,34585.10401291146,-90134.68167553557,16781.80055741661,53161.54396828873,17728.871789687884,12405.751232976498,22974.141827491683,17454.088721173208,29505.576189257976,1,12,4,False,17,352
2024-12-18,15623.150163941473,25474.60599593189,10146.680484015997,32231.390702184694,0.0,19013.04594170467,3992147.484099803,False,False,False,,19013.04594170467,31294.803562353758,132.40916780897533,32774.38638403738,45805.45440146608,20426.105614530126,11422.798344238445,22081.061545499637,15646.934698889805,29194.523244423595,2,12,4,False,18,353
2024-12-19,22525.732022492302,38365.288830772835,14959.567420424117,29558.47840731329,0.0,46292.10986637596,4038439.593966179,False,False,False,,46292.10986637596,19013.04594170467,19167.66134901152,33985.33120809252,28327.996618306737,24301.026831296473,12301.853962687264,22679.865320435274,18399.82239842729,29509.600495532555,3,12,4,False,19,354
2024-12-20,24572.928021860072,43510.14484748558,11530.656690921409,32448.889850051874,71578.28405069275,-24413.444340477552,4014026.1496257014,False,False,False,,-24413.444340477552,46292.10986637596,35298.397343921235,7669.893510809408,60572.602208226424,15770.763733525218,10010.186973309625,19846.997102145146,25080.27315605921,29824.10802000417,4,12,4,False,20,355
2024-12-21,13067.019700137469,23004.432772373308,7306.226969198982,35322.00442912876,0.0,8055.675012580992,4022081.8246382824,False,True,False,,8055.675012580992,-24413.444340477552,-8972.57120122634,20475.68113502937,40061.17106791216,18203.370335497697,9123.043678849026,18780.147233634103,23021.68382060085,29648.00542498643,5,12,4,False,21,356
2024-12-22,13754.432095856824,22477.516310165494,9281.194815445313,33414.42687387244,0.0,12098.71634759519,4034180.5409858776,False,True,False,,12098.71634759519,8055.675012580992,12596.298293034532,9663.814718827605,25520.75774414709,18132.28720043493,9296.965223760997,18332.745853749042,23042.6406521775,29644.051094501763,6,12,4,False,22,357
2024-12-23,20897.81832297327,34954.77631972825,15756.148060135416,34356.32477776637,0.0,37252.41792507056,4071432.958910948,False,False,False,,37252.41792507056,12098.71634759519,34585.10401291146,35143.98945259509,15264.96546068714,18513.33204502909,9447.567257509245,19065.660935895154,23379.647776785834,29836.769130771998,0,12,4,False,23,358
2024-12-24,13909.531386403396,25232.53000285484,11988.814682036784,32410.761853398915,0.0,18720.1142178961,4090153.073128844,False,False,False,,18720.1142178961,37252.41792507056,31294.803562353758,-90134.68167553557,10281.655396715763,16716.94785296371,17222.909821325793,19346.942896601166,22707.32390133089,29790.844483235927,1,12,4,False,24,359
2024-12-25,16583.15398908526,31437.48426059525,13597.569620812883,39726.97279003477,0.0,21891.235080458624,4112044.308209303,True,False,False,,21891.235080458624,18720.1142178961,19013.04594170467,132.40916780897533,88481.149567599,17128.11772992856,18777.111672229337,17127.279080363154,22781.765770622904,26791.960774855976,2,12,4,False,25,360
2024-12-26,19870.898417354594,31602.49303193785,11998.746645787514,35226.8153033891,0.0,28245.322791690858,4140289.631000994,False,False,False,,28245.322791690858,21891.235080458624,46292.10986637596,19167.66134901152,56455.11027942215,14550.00529068783,19425.516060992148,16186.952830772112,19750.866118435093,25842.274833247913,3,12,4,False,26,361
2024-12-27,24577.82131744179,85111.93368144639,17814.833639509274,33378.21347079571,0.0,94126.37516760174,4234416.0061685955,False,False,True,monto_atipico,94126.37516760174,28245.322791690858,-24413.444340477552,35298.397343921235,45951.02138720211,31484.265220413443,23627.514476969325,17792.79795678543,29290.05631787167,29052.962047494217,4,12,4,False,27,362
2024-12-28,17138.997407930834,31492.901316248026,10862.350054965962,30566.71008709478,0.0,28927.538692050042,4263343.544860645,False,True,False,,28927.538692050042,94126.37516760174,8055.675012580992,-8972.57120122634,30036.440200976715,34465.96003176617,26334.66518363193,17755.834573154545,27516.203948469243,29037.548934361053,5,12,4,False,28,363
2024-12-29,12115.974543507113,20089.64829312667,8158.071074151737,36558.94888934952,0.0,3804.7450214359997,4267148.289882082,False,True,False,,3804.7450214359997,28927.538692050042,12098.71634759519,12596.298293034532,26562.933665714398,33281.106985171995,25706.69709280346,16997.22828501193,28788.997484834872,29096.748008591418,6,12,4,True,29,364
